id,title,category,content
1,Graph Neural Networks For Recommendation Systems Study 1,Recommendation Systems,"This document discusses Graph neural networks for recommendation systems. It focuses on recommendation systems and explains core methods, system design ideas, mathematical intuition, evaluation strategies, and practical implementation challenges in modern AI systems."
2,Graph Neural Networks For Recommendation Systems Study 2,Recommendation Systems,"This document discusses Graph neural networks for recommendation systems. It focuses on recommendation systems and explains core methods, system design ideas, mathematical intuition, evaluation strategies, and practical implementation challenges in modern AI systems."
3,Graph Neural Networks For Recommendation Systems Study 3,Recommendation Systems,"This document discusses Graph neural networks for recommendation systems. It focuses on recommendation systems and explains core methods, system design ideas, mathematical intuition, evaluation strategies, and practical implementation challenges in modern AI systems."
4,Graph Neural Networks For Recommendation Systems Study 4,Recommendation Systems,"This document discusses Graph neural networks for recommendation systems. It focuses on recommendation systems and explains core methods, system design ideas, mathematical intuition, evaluation strategies, and practical implementation challenges in modern AI systems."
5,Graph Neural Networks For Recommendation Systems Study 5,Recommendation Systems,"This document discusses Graph neural networks for recommendation systems. It focuses on recommendation systems and explains core methods, system design ideas, mathematical intuition, evaluation strategies, and practical implementation challenges in modern AI systems."
6,Graph Neural Networks For Recommendation Systems Study 6,Recommendation Systems,"This document discusses Graph neural networks for recommendation systems. It focuses on recommendation systems and explains core methods, system design ideas, mathematical intuition, evaluation strategies, and practical implementation challenges in modern AI systems."
7,Graph Neural Networks For Recommendation Systems Study 7,Recommendation Systems,"This document discusses Graph neural networks for recommendation systems. It focuses on recommendation systems and explains core methods, system design ideas, mathematical intuition, evaluation strategies, and practical implementation challenges in modern AI systems."
8,Graph Neural Networks For Recommendation Systems Study 8,Recommendation Systems,"This document discusses Graph neural networks for recommendation systems. It focuses on recommendation systems and explains core methods, system design ideas, mathematical intuition, evaluation strategies, and practical implementation challenges in modern AI systems."
9,Graph Neural Networks For Recommendation Systems Study 9,Recommendation Systems,"This document discusses Graph neural networks for recommendation systems. It focuses on recommendation systems and explains core methods, system design ideas, mathematical intuition, evaluation strategies, and practical implementation challenges in modern AI systems."
10,Graph Neural Networks For Recommendation Systems Study 10,Recommendation Systems,"This document discusses Graph neural networks for recommendation systems. It focuses on recommendation systems and explains core methods, system design ideas, mathematical intuition, evaluation strategies, and practical implementation challenges in modern AI systems."
11,Graph Neural Networks For Recommendation Systems Study 11,Recommendation Systems,"This document discusses Graph neural networks for recommendation systems. It focuses on recommendation systems and explains core methods, system design ideas, mathematical intuition, evaluation strategies, and practical implementation challenges in modern AI systems."
12,Graph Neural Networks For Recommendation Systems Study 12,Recommendation Systems,"This document discusses Graph neural networks for recommendation systems. It focuses on recommendation systems and explains core methods, system design ideas, mathematical intuition, evaluation strategies, and practical implementation challenges in modern AI systems."
13,Graph Neural Networks For Recommendation Systems Study 13,Recommendation Systems,"This document discusses Graph neural networks for recommendation systems. It focuses on recommendation systems and explains core methods, system design ideas, mathematical intuition, evaluation strategies, and practical implementation challenges in modern AI systems."
14,Graph Neural Networks For Recommendation Systems Study 14,Recommendation Systems,"This document discusses Graph neural networks for recommendation systems. It focuses on recommendation systems and explains core methods, system design ideas, mathematical intuition, evaluation strategies, and practical implementation challenges in modern AI systems."
15,Graph Neural Networks For Recommendation Systems Study 15,Recommendation Systems,"This document discusses Graph neural networks for recommendation systems. It focuses on recommendation systems and explains core methods, system design ideas, mathematical intuition, evaluation strategies, and practical implementation challenges in modern AI systems."
16,Graph Neural Networks For Recommendation Systems Study 16,Recommendation Systems,"This document discusses Graph neural networks for recommendation systems. It focuses on recommendation systems and explains core methods, system design ideas, mathematical intuition, evaluation strategies, and practical implementation challenges in modern AI systems."
17,Graph Neural Networks For Recommendation Systems Study 17,Recommendation Systems,"This document discusses Graph neural networks for recommendation systems. It focuses on recommendation systems and explains core methods, system design ideas, mathematical intuition, evaluation strategies, and practical implementation challenges in modern AI systems."
18,Graph Neural Networks For Recommendation Systems Study 18,Recommendation Systems,"This document discusses Graph neural networks for recommendation systems. It focuses on recommendation systems and explains core methods, system design ideas, mathematical intuition, evaluation strategies, and practical implementation challenges in modern AI systems."
19,Graph Neural Networks For Recommendation Systems Study 19,Recommendation Systems,"This document discusses Graph neural networks for recommendation systems. It focuses on recommendation systems and explains core methods, system design ideas, mathematical intuition, evaluation strategies, and practical implementation challenges in modern AI systems."
20,Graph Neural Networks For Recommendation Systems Study 20,Recommendation Systems,"This document discusses Graph neural networks for recommendation systems. It focuses on recommendation systems and explains core methods, system design ideas, mathematical intuition, evaluation strategies, and practical implementation challenges in modern AI systems."
21,Graph Neural Networks For Recommendation Systems Study 21,Recommendation Systems,"This document discusses Graph neural networks for recommendation systems. It focuses on recommendation systems and explains core methods, system design ideas, mathematical intuition, evaluation strategies, and practical implementation challenges in modern AI systems."
22,Graph Neural Networks For Recommendation Systems Study 22,Recommendation Systems,"This document discusses Graph neural networks for recommendation systems. It focuses on recommendation systems and explains core methods, system design ideas, mathematical intuition, evaluation strategies, and practical implementation challenges in modern AI systems."
23,Graph Neural Networks For Recommendation Systems Study 23,Recommendation Systems,"This document discusses Graph neural networks for recommendation systems. It focuses on recommendation systems and explains core methods, system design ideas, mathematical intuition, evaluation strategies, and practical implementation challenges in modern AI systems."
24,Graph Neural Networks For Recommendation Systems Study 24,Recommendation Systems,"This document discusses Graph neural networks for recommendation systems. It focuses on recommendation systems and explains core methods, system design ideas, mathematical intuition, evaluation strategies, and practical implementation challenges in modern AI systems."
25,Graph Neural Networks For Recommendation Systems Study 25,Recommendation Systems,"This document discusses Graph neural networks for recommendation systems. It focuses on recommendation systems and explains core methods, system design ideas, mathematical intuition, evaluation strategies, and practical implementation challenges in modern AI systems."
26,Collaborative Filtering Using Matrix Factorization Study 1,Recommendation Systems,"This document discusses Collaborative filtering using matrix factorization. It focuses on recommendation systems and explains core methods, system design ideas, mathematical intuition, evaluation strategies, and practical implementation challenges in modern AI systems."
27,Collaborative Filtering Using Matrix Factorization Study 2,Recommendation Systems,"This document discusses Collaborative filtering using matrix factorization. It focuses on recommendation systems and explains core methods, system design ideas, mathematical intuition, evaluation strategies, and practical implementation challenges in modern AI systems."
28,Collaborative Filtering Using Matrix Factorization Study 3,Recommendation Systems,"This document discusses Collaborative filtering using matrix factorization. It focuses on recommendation systems and explains core methods, system design ideas, mathematical intuition, evaluation strategies, and practical implementation challenges in modern AI systems."
29,Collaborative Filtering Using Matrix Factorization Study 4,Recommendation Systems,"This document discusses Collaborative filtering using matrix factorization. It focuses on recommendation systems and explains core methods, system design ideas, mathematical intuition, evaluation strategies, and practical implementation challenges in modern AI systems."
30,Collaborative Filtering Using Matrix Factorization Study 5,Recommendation Systems,"This document discusses Collaborative filtering using matrix factorization. It focuses on recommendation systems and explains core methods, system design ideas, mathematical intuition, evaluation strategies, and practical implementation challenges in modern AI systems."
31,Collaborative Filtering Using Matrix Factorization Study 6,Recommendation Systems,"This document discusses Collaborative filtering using matrix factorization. It focuses on recommendation systems and explains core methods, system design ideas, mathematical intuition, evaluation strategies, and practical implementation challenges in modern AI systems."
32,Collaborative Filtering Using Matrix Factorization Study 7,Recommendation Systems,"This document discusses Collaborative filtering using matrix factorization. It focuses on recommendation systems and explains core methods, system design ideas, mathematical intuition, evaluation strategies, and practical implementation challenges in modern AI systems."
33,Collaborative Filtering Using Matrix Factorization Study 8,Recommendation Systems,"This document discusses Collaborative filtering using matrix factorization. It focuses on recommendation systems and explains core methods, system design ideas, mathematical intuition, evaluation strategies, and practical implementation challenges in modern AI systems."
34,Collaborative Filtering Using Matrix Factorization Study 9,Recommendation Systems,"This document discusses Collaborative filtering using matrix factorization. It focuses on recommendation systems and explains core methods, system design ideas, mathematical intuition, evaluation strategies, and practical implementation challenges in modern AI systems."
35,Collaborative Filtering Using Matrix Factorization Study 10,Recommendation Systems,"This document discusses Collaborative filtering using matrix factorization. It focuses on recommendation systems and explains core methods, system design ideas, mathematical intuition, evaluation strategies, and practical implementation challenges in modern AI systems."
36,Collaborative Filtering Using Matrix Factorization Study 11,Recommendation Systems,"This document discusses Collaborative filtering using matrix factorization. It focuses on recommendation systems and explains core methods, system design ideas, mathematical intuition, evaluation strategies, and practical implementation challenges in modern AI systems."
37,Collaborative Filtering Using Matrix Factorization Study 12,Recommendation Systems,"This document discusses Collaborative filtering using matrix factorization. It focuses on recommendation systems and explains core methods, system design ideas, mathematical intuition, evaluation strategies, and practical implementation challenges in modern AI systems."
38,Collaborative Filtering Using Matrix Factorization Study 13,Recommendation Systems,"This document discusses Collaborative filtering using matrix factorization. It focuses on recommendation systems and explains core methods, system design ideas, mathematical intuition, evaluation strategies, and practical implementation challenges in modern AI systems."
39,Collaborative Filtering Using Matrix Factorization Study 14,Recommendation Systems,"This document discusses Collaborative filtering using matrix factorization. It focuses on recommendation systems and explains core methods, system design ideas, mathematical intuition, evaluation strategies, and practical implementation challenges in modern AI systems."
40,Collaborative Filtering Using Matrix Factorization Study 15,Recommendation Systems,"This document discusses Collaborative filtering using matrix factorization. It focuses on recommendation systems and explains core methods, system design ideas, mathematical intuition, evaluation strategies, and practical implementation challenges in modern AI systems."
41,Collaborative Filtering Using Matrix Factorization Study 16,Recommendation Systems,"This document discusses Collaborative filtering using matrix factorization. It focuses on recommendation systems and explains core methods, system design ideas, mathematical intuition, evaluation strategies, and practical implementation challenges in modern AI systems."
42,Collaborative Filtering Using Matrix Factorization Study 17,Recommendation Systems,"This document discusses Collaborative filtering using matrix factorization. It focuses on recommendation systems and explains core methods, system design ideas, mathematical intuition, evaluation strategies, and practical implementation challenges in modern AI systems."
43,Collaborative Filtering Using Matrix Factorization Study 18,Recommendation Systems,"This document discusses Collaborative filtering using matrix factorization. It focuses on recommendation systems and explains core methods, system design ideas, mathematical intuition, evaluation strategies, and practical implementation challenges in modern AI systems."
44,Collaborative Filtering Using Matrix Factorization Study 19,Recommendation Systems,"This document discusses Collaborative filtering using matrix factorization. It focuses on recommendation systems and explains core methods, system design ideas, mathematical intuition, evaluation strategies, and practical implementation challenges in modern AI systems."
45,Collaborative Filtering Using Matrix Factorization Study 20,Recommendation Systems,"This document discusses Collaborative filtering using matrix factorization. It focuses on recommendation systems and explains core methods, system design ideas, mathematical intuition, evaluation strategies, and practical implementation challenges in modern AI systems."
46,Collaborative Filtering Using Matrix Factorization Study 21,Recommendation Systems,"This document discusses Collaborative filtering using matrix factorization. It focuses on recommendation systems and explains core methods, system design ideas, mathematical intuition, evaluation strategies, and practical implementation challenges in modern AI systems."
47,Collaborative Filtering Using Matrix Factorization Study 22,Recommendation Systems,"This document discusses Collaborative filtering using matrix factorization. It focuses on recommendation systems and explains core methods, system design ideas, mathematical intuition, evaluation strategies, and practical implementation challenges in modern AI systems."
48,Collaborative Filtering Using Matrix Factorization Study 23,Recommendation Systems,"This document discusses Collaborative filtering using matrix factorization. It focuses on recommendation systems and explains core methods, system design ideas, mathematical intuition, evaluation strategies, and practical implementation challenges in modern AI systems."
49,Collaborative Filtering Using Matrix Factorization Study 24,Recommendation Systems,"This document discusses Collaborative filtering using matrix factorization. It focuses on recommendation systems and explains core methods, system design ideas, mathematical intuition, evaluation strategies, and practical implementation challenges in modern AI systems."
50,Collaborative Filtering Using Matrix Factorization Study 25,Recommendation Systems,"This document discusses Collaborative filtering using matrix factorization. It focuses on recommendation systems and explains core methods, system design ideas, mathematical intuition, evaluation strategies, and practical implementation challenges in modern AI systems."
51,Session Based Recommendation With Transformers Study 1,Recommendation Systems,"This document discusses Session based recommendation with transformers. It focuses on recommendation systems and explains core methods, system design ideas, mathematical intuition, evaluation strategies, and practical implementation challenges in modern AI systems."
52,Session Based Recommendation With Transformers Study 2,Recommendation Systems,"This document discusses Session based recommendation with transformers. It focuses on recommendation systems and explains core methods, system design ideas, mathematical intuition, evaluation strategies, and practical implementation challenges in modern AI systems."
53,Session Based Recommendation With Transformers Study 3,Recommendation Systems,"This document discusses Session based recommendation with transformers. It focuses on recommendation systems and explains core methods, system design ideas, mathematical intuition, evaluation strategies, and practical implementation challenges in modern AI systems."
54,Session Based Recommendation With Transformers Study 4,Recommendation Systems,"This document discusses Session based recommendation with transformers. It focuses on recommendation systems and explains core methods, system design ideas, mathematical intuition, evaluation strategies, and practical implementation challenges in modern AI systems."
55,Session Based Recommendation With Transformers Study 5,Recommendation Systems,"This document discusses Session based recommendation with transformers. It focuses on recommendation systems and explains core methods, system design ideas, mathematical intuition, evaluation strategies, and practical implementation challenges in modern AI systems."
56,Session Based Recommendation With Transformers Study 6,Recommendation Systems,"This document discusses Session based recommendation with transformers. It focuses on recommendation systems and explains core methods, system design ideas, mathematical intuition, evaluation strategies, and practical implementation challenges in modern AI systems."
57,Session Based Recommendation With Transformers Study 7,Recommendation Systems,"This document discusses Session based recommendation with transformers. It focuses on recommendation systems and explains core methods, system design ideas, mathematical intuition, evaluation strategies, and practical implementation challenges in modern AI systems."
58,Session Based Recommendation With Transformers Study 8,Recommendation Systems,"This document discusses Session based recommendation with transformers. It focuses on recommendation systems and explains core methods, system design ideas, mathematical intuition, evaluation strategies, and practical implementation challenges in modern AI systems."
59,Session Based Recommendation With Transformers Study 9,Recommendation Systems,"This document discusses Session based recommendation with transformers. It focuses on recommendation systems and explains core methods, system design ideas, mathematical intuition, evaluation strategies, and practical implementation challenges in modern AI systems."
60,Session Based Recommendation With Transformers Study 10,Recommendation Systems,"This document discusses Session based recommendation with transformers. It focuses on recommendation systems and explains core methods, system design ideas, mathematical intuition, evaluation strategies, and practical implementation challenges in modern AI systems."
61,Session Based Recommendation With Transformers Study 11,Recommendation Systems,"This document discusses Session based recommendation with transformers. It focuses on recommendation systems and explains core methods, system design ideas, mathematical intuition, evaluation strategies, and practical implementation challenges in modern AI systems."
62,Session Based Recommendation With Transformers Study 12,Recommendation Systems,"This document discusses Session based recommendation with transformers. It focuses on recommendation systems and explains core methods, system design ideas, mathematical intuition, evaluation strategies, and practical implementation challenges in modern AI systems."
63,Session Based Recommendation With Transformers Study 13,Recommendation Systems,"This document discusses Session based recommendation with transformers. It focuses on recommendation systems and explains core methods, system design ideas, mathematical intuition, evaluation strategies, and practical implementation challenges in modern AI systems."
64,Session Based Recommendation With Transformers Study 14,Recommendation Systems,"This document discusses Session based recommendation with transformers. It focuses on recommendation systems and explains core methods, system design ideas, mathematical intuition, evaluation strategies, and practical implementation challenges in modern AI systems."
65,Session Based Recommendation With Transformers Study 15,Recommendation Systems,"This document discusses Session based recommendation with transformers. It focuses on recommendation systems and explains core methods, system design ideas, mathematical intuition, evaluation strategies, and practical implementation challenges in modern AI systems."
66,Session Based Recommendation With Transformers Study 16,Recommendation Systems,"This document discusses Session based recommendation with transformers. It focuses on recommendation systems and explains core methods, system design ideas, mathematical intuition, evaluation strategies, and practical implementation challenges in modern AI systems."
67,Session Based Recommendation With Transformers Study 17,Recommendation Systems,"This document discusses Session based recommendation with transformers. It focuses on recommendation systems and explains core methods, system design ideas, mathematical intuition, evaluation strategies, and practical implementation challenges in modern AI systems."
68,Session Based Recommendation With Transformers Study 18,Recommendation Systems,"This document discusses Session based recommendation with transformers. It focuses on recommendation systems and explains core methods, system design ideas, mathematical intuition, evaluation strategies, and practical implementation challenges in modern AI systems."
69,Session Based Recommendation With Transformers Study 19,Recommendation Systems,"This document discusses Session based recommendation with transformers. It focuses on recommendation systems and explains core methods, system design ideas, mathematical intuition, evaluation strategies, and practical implementation challenges in modern AI systems."
70,Session Based Recommendation With Transformers Study 20,Recommendation Systems,"This document discusses Session based recommendation with transformers. It focuses on recommendation systems and explains core methods, system design ideas, mathematical intuition, evaluation strategies, and practical implementation challenges in modern AI systems."
71,Session Based Recommendation With Transformers Study 21,Recommendation Systems,"This document discusses Session based recommendation with transformers. It focuses on recommendation systems and explains core methods, system design ideas, mathematical intuition, evaluation strategies, and practical implementation challenges in modern AI systems."
72,Session Based Recommendation With Transformers Study 22,Recommendation Systems,"This document discusses Session based recommendation with transformers. It focuses on recommendation systems and explains core methods, system design ideas, mathematical intuition, evaluation strategies, and practical implementation challenges in modern AI systems."
73,Session Based Recommendation With Transformers Study 23,Recommendation Systems,"This document discusses Session based recommendation with transformers. It focuses on recommendation systems and explains core methods, system design ideas, mathematical intuition, evaluation strategies, and practical implementation challenges in modern AI systems."
74,Session Based Recommendation With Transformers Study 24,Recommendation Systems,"This document discusses Session based recommendation with transformers. It focuses on recommendation systems and explains core methods, system design ideas, mathematical intuition, evaluation strategies, and practical implementation challenges in modern AI systems."
75,Session Based Recommendation With Transformers Study 25,Recommendation Systems,"This document discusses Session based recommendation with transformers. It focuses on recommendation systems and explains core methods, system design ideas, mathematical intuition, evaluation strategies, and practical implementation challenges in modern AI systems."
76,Explainable Recommendation Using Attention Mechanisms Study 1,Recommendation Systems,"This document discusses Explainable recommendation using attention mechanisms. It focuses on recommendation systems and explains core methods, system design ideas, mathematical intuition, evaluation strategies, and practical implementation challenges in modern AI systems."
77,Explainable Recommendation Using Attention Mechanisms Study 2,Recommendation Systems,"This document discusses Explainable recommendation using attention mechanisms. It focuses on recommendation systems and explains core methods, system design ideas, mathematical intuition, evaluation strategies, and practical implementation challenges in modern AI systems."
78,Explainable Recommendation Using Attention Mechanisms Study 3,Recommendation Systems,"This document discusses Explainable recommendation using attention mechanisms. It focuses on recommendation systems and explains core methods, system design ideas, mathematical intuition, evaluation strategies, and practical implementation challenges in modern AI systems."
79,Explainable Recommendation Using Attention Mechanisms Study 4,Recommendation Systems,"This document discusses Explainable recommendation using attention mechanisms. It focuses on recommendation systems and explains core methods, system design ideas, mathematical intuition, evaluation strategies, and practical implementation challenges in modern AI systems."
80,Explainable Recommendation Using Attention Mechanisms Study 5,Recommendation Systems,"This document discusses Explainable recommendation using attention mechanisms. It focuses on recommendation systems and explains core methods, system design ideas, mathematical intuition, evaluation strategies, and practical implementation challenges in modern AI systems."
81,Explainable Recommendation Using Attention Mechanisms Study 6,Recommendation Systems,"This document discusses Explainable recommendation using attention mechanisms. It focuses on recommendation systems and explains core methods, system design ideas, mathematical intuition, evaluation strategies, and practical implementation challenges in modern AI systems."
82,Explainable Recommendation Using Attention Mechanisms Study 7,Recommendation Systems,"This document discusses Explainable recommendation using attention mechanisms. It focuses on recommendation systems and explains core methods, system design ideas, mathematical intuition, evaluation strategies, and practical implementation challenges in modern AI systems."
83,Explainable Recommendation Using Attention Mechanisms Study 8,Recommendation Systems,"This document discusses Explainable recommendation using attention mechanisms. It focuses on recommendation systems and explains core methods, system design ideas, mathematical intuition, evaluation strategies, and practical implementation challenges in modern AI systems."
84,Explainable Recommendation Using Attention Mechanisms Study 9,Recommendation Systems,"This document discusses Explainable recommendation using attention mechanisms. It focuses on recommendation systems and explains core methods, system design ideas, mathematical intuition, evaluation strategies, and practical implementation challenges in modern AI systems."
85,Explainable Recommendation Using Attention Mechanisms Study 10,Recommendation Systems,"This document discusses Explainable recommendation using attention mechanisms. It focuses on recommendation systems and explains core methods, system design ideas, mathematical intuition, evaluation strategies, and practical implementation challenges in modern AI systems."
86,Explainable Recommendation Using Attention Mechanisms Study 11,Recommendation Systems,"This document discusses Explainable recommendation using attention mechanisms. It focuses on recommendation systems and explains core methods, system design ideas, mathematical intuition, evaluation strategies, and practical implementation challenges in modern AI systems."
87,Explainable Recommendation Using Attention Mechanisms Study 12,Recommendation Systems,"This document discusses Explainable recommendation using attention mechanisms. It focuses on recommendation systems and explains core methods, system design ideas, mathematical intuition, evaluation strategies, and practical implementation challenges in modern AI systems."
88,Explainable Recommendation Using Attention Mechanisms Study 13,Recommendation Systems,"This document discusses Explainable recommendation using attention mechanisms. It focuses on recommendation systems and explains core methods, system design ideas, mathematical intuition, evaluation strategies, and practical implementation challenges in modern AI systems."
89,Explainable Recommendation Using Attention Mechanisms Study 14,Recommendation Systems,"This document discusses Explainable recommendation using attention mechanisms. It focuses on recommendation systems and explains core methods, system design ideas, mathematical intuition, evaluation strategies, and practical implementation challenges in modern AI systems."
90,Explainable Recommendation Using Attention Mechanisms Study 15,Recommendation Systems,"This document discusses Explainable recommendation using attention mechanisms. It focuses on recommendation systems and explains core methods, system design ideas, mathematical intuition, evaluation strategies, and practical implementation challenges in modern AI systems."
91,Explainable Recommendation Using Attention Mechanisms Study 16,Recommendation Systems,"This document discusses Explainable recommendation using attention mechanisms. It focuses on recommendation systems and explains core methods, system design ideas, mathematical intuition, evaluation strategies, and practical implementation challenges in modern AI systems."
92,Explainable Recommendation Using Attention Mechanisms Study 17,Recommendation Systems,"This document discusses Explainable recommendation using attention mechanisms. It focuses on recommendation systems and explains core methods, system design ideas, mathematical intuition, evaluation strategies, and practical implementation challenges in modern AI systems."
93,Explainable Recommendation Using Attention Mechanisms Study 18,Recommendation Systems,"This document discusses Explainable recommendation using attention mechanisms. It focuses on recommendation systems and explains core methods, system design ideas, mathematical intuition, evaluation strategies, and practical implementation challenges in modern AI systems."
94,Explainable Recommendation Using Attention Mechanisms Study 19,Recommendation Systems,"This document discusses Explainable recommendation using attention mechanisms. It focuses on recommendation systems and explains core methods, system design ideas, mathematical intuition, evaluation strategies, and practical implementation challenges in modern AI systems."
95,Explainable Recommendation Using Attention Mechanisms Study 20,Recommendation Systems,"This document discusses Explainable recommendation using attention mechanisms. It focuses on recommendation systems and explains core methods, system design ideas, mathematical intuition, evaluation strategies, and practical implementation challenges in modern AI systems."
96,Explainable Recommendation Using Attention Mechanisms Study 21,Recommendation Systems,"This document discusses Explainable recommendation using attention mechanisms. It focuses on recommendation systems and explains core methods, system design ideas, mathematical intuition, evaluation strategies, and practical implementation challenges in modern AI systems."
97,Explainable Recommendation Using Attention Mechanisms Study 22,Recommendation Systems,"This document discusses Explainable recommendation using attention mechanisms. It focuses on recommendation systems and explains core methods, system design ideas, mathematical intuition, evaluation strategies, and practical implementation challenges in modern AI systems."
98,Explainable Recommendation Using Attention Mechanisms Study 23,Recommendation Systems,"This document discusses Explainable recommendation using attention mechanisms. It focuses on recommendation systems and explains core methods, system design ideas, mathematical intuition, evaluation strategies, and practical implementation challenges in modern AI systems."
99,Explainable Recommendation Using Attention Mechanisms Study 24,Recommendation Systems,"This document discusses Explainable recommendation using attention mechanisms. It focuses on recommendation systems and explains core methods, system design ideas, mathematical intuition, evaluation strategies, and practical implementation challenges in modern AI systems."
100,Explainable Recommendation Using Attention Mechanisms Study 25,Recommendation Systems,"This document discusses Explainable recommendation using attention mechanisms. It focuses on recommendation systems and explains core methods, system design ideas, mathematical intuition, evaluation strategies, and practical implementation challenges in modern AI systems."
101,Personalized Ranking For E-Commerce Platforms Study 1,Recommendation Systems,"This document discusses Personalized ranking for e-commerce platforms. It focuses on recommendation systems and explains core methods, system design ideas, mathematical intuition, evaluation strategies, and practical implementation challenges in modern AI systems."
102,Personalized Ranking For E-Commerce Platforms Study 2,Recommendation Systems,"This document discusses Personalized ranking for e-commerce platforms. It focuses on recommendation systems and explains core methods, system design ideas, mathematical intuition, evaluation strategies, and practical implementation challenges in modern AI systems."
103,Personalized Ranking For E-Commerce Platforms Study 3,Recommendation Systems,"This document discusses Personalized ranking for e-commerce platforms. It focuses on recommendation systems and explains core methods, system design ideas, mathematical intuition, evaluation strategies, and practical implementation challenges in modern AI systems."
104,Personalized Ranking For E-Commerce Platforms Study 4,Recommendation Systems,"This document discusses Personalized ranking for e-commerce platforms. It focuses on recommendation systems and explains core methods, system design ideas, mathematical intuition, evaluation strategies, and practical implementation challenges in modern AI systems."
105,Personalized Ranking For E-Commerce Platforms Study 5,Recommendation Systems,"This document discusses Personalized ranking for e-commerce platforms. It focuses on recommendation systems and explains core methods, system design ideas, mathematical intuition, evaluation strategies, and practical implementation challenges in modern AI systems."
106,Personalized Ranking For E-Commerce Platforms Study 6,Recommendation Systems,"This document discusses Personalized ranking for e-commerce platforms. It focuses on recommendation systems and explains core methods, system design ideas, mathematical intuition, evaluation strategies, and practical implementation challenges in modern AI systems."
107,Personalized Ranking For E-Commerce Platforms Study 7,Recommendation Systems,"This document discusses Personalized ranking for e-commerce platforms. It focuses on recommendation systems and explains core methods, system design ideas, mathematical intuition, evaluation strategies, and practical implementation challenges in modern AI systems."
108,Personalized Ranking For E-Commerce Platforms Study 8,Recommendation Systems,"This document discusses Personalized ranking for e-commerce platforms. It focuses on recommendation systems and explains core methods, system design ideas, mathematical intuition, evaluation strategies, and practical implementation challenges in modern AI systems."
109,Personalized Ranking For E-Commerce Platforms Study 9,Recommendation Systems,"This document discusses Personalized ranking for e-commerce platforms. It focuses on recommendation systems and explains core methods, system design ideas, mathematical intuition, evaluation strategies, and practical implementation challenges in modern AI systems."
110,Personalized Ranking For E-Commerce Platforms Study 10,Recommendation Systems,"This document discusses Personalized ranking for e-commerce platforms. It focuses on recommendation systems and explains core methods, system design ideas, mathematical intuition, evaluation strategies, and practical implementation challenges in modern AI systems."
111,Personalized Ranking For E-Commerce Platforms Study 11,Recommendation Systems,"This document discusses Personalized ranking for e-commerce platforms. It focuses on recommendation systems and explains core methods, system design ideas, mathematical intuition, evaluation strategies, and practical implementation challenges in modern AI systems."
112,Personalized Ranking For E-Commerce Platforms Study 12,Recommendation Systems,"This document discusses Personalized ranking for e-commerce platforms. It focuses on recommendation systems and explains core methods, system design ideas, mathematical intuition, evaluation strategies, and practical implementation challenges in modern AI systems."
113,Personalized Ranking For E-Commerce Platforms Study 13,Recommendation Systems,"This document discusses Personalized ranking for e-commerce platforms. It focuses on recommendation systems and explains core methods, system design ideas, mathematical intuition, evaluation strategies, and practical implementation challenges in modern AI systems."
114,Personalized Ranking For E-Commerce Platforms Study 14,Recommendation Systems,"This document discusses Personalized ranking for e-commerce platforms. It focuses on recommendation systems and explains core methods, system design ideas, mathematical intuition, evaluation strategies, and practical implementation challenges in modern AI systems."
115,Personalized Ranking For E-Commerce Platforms Study 15,Recommendation Systems,"This document discusses Personalized ranking for e-commerce platforms. It focuses on recommendation systems and explains core methods, system design ideas, mathematical intuition, evaluation strategies, and practical implementation challenges in modern AI systems."
116,Personalized Ranking For E-Commerce Platforms Study 16,Recommendation Systems,"This document discusses Personalized ranking for e-commerce platforms. It focuses on recommendation systems and explains core methods, system design ideas, mathematical intuition, evaluation strategies, and practical implementation challenges in modern AI systems."
117,Personalized Ranking For E-Commerce Platforms Study 17,Recommendation Systems,"This document discusses Personalized ranking for e-commerce platforms. It focuses on recommendation systems and explains core methods, system design ideas, mathematical intuition, evaluation strategies, and practical implementation challenges in modern AI systems."
118,Personalized Ranking For E-Commerce Platforms Study 18,Recommendation Systems,"This document discusses Personalized ranking for e-commerce platforms. It focuses on recommendation systems and explains core methods, system design ideas, mathematical intuition, evaluation strategies, and practical implementation challenges in modern AI systems."
119,Personalized Ranking For E-Commerce Platforms Study 19,Recommendation Systems,"This document discusses Personalized ranking for e-commerce platforms. It focuses on recommendation systems and explains core methods, system design ideas, mathematical intuition, evaluation strategies, and practical implementation challenges in modern AI systems."
120,Personalized Ranking For E-Commerce Platforms Study 20,Recommendation Systems,"This document discusses Personalized ranking for e-commerce platforms. It focuses on recommendation systems and explains core methods, system design ideas, mathematical intuition, evaluation strategies, and practical implementation challenges in modern AI systems."
121,Personalized Ranking For E-Commerce Platforms Study 21,Recommendation Systems,"This document discusses Personalized ranking for e-commerce platforms. It focuses on recommendation systems and explains core methods, system design ideas, mathematical intuition, evaluation strategies, and practical implementation challenges in modern AI systems."
122,Personalized Ranking For E-Commerce Platforms Study 22,Recommendation Systems,"This document discusses Personalized ranking for e-commerce platforms. It focuses on recommendation systems and explains core methods, system design ideas, mathematical intuition, evaluation strategies, and practical implementation challenges in modern AI systems."
123,Personalized Ranking For E-Commerce Platforms Study 23,Recommendation Systems,"This document discusses Personalized ranking for e-commerce platforms. It focuses on recommendation systems and explains core methods, system design ideas, mathematical intuition, evaluation strategies, and practical implementation challenges in modern AI systems."
124,Personalized Ranking For E-Commerce Platforms Study 24,Recommendation Systems,"This document discusses Personalized ranking for e-commerce platforms. It focuses on recommendation systems and explains core methods, system design ideas, mathematical intuition, evaluation strategies, and practical implementation challenges in modern AI systems."
125,Personalized Ranking For E-Commerce Platforms Study 25,Recommendation Systems,"This document discusses Personalized ranking for e-commerce platforms. It focuses on recommendation systems and explains core methods, system design ideas, mathematical intuition, evaluation strategies, and practical implementation challenges in modern AI systems."
126,Faiss For Large Scale Vector Retrieval Study 1,Vector Search,"This document discusses FAISS for large scale vector retrieval. It focuses on vector search and explains core methods, system design ideas, mathematical intuition, evaluation strategies, and practical implementation challenges in modern AI systems."
127,Faiss For Large Scale Vector Retrieval Study 2,Vector Search,"This document discusses FAISS for large scale vector retrieval. It focuses on vector search and explains core methods, system design ideas, mathematical intuition, evaluation strategies, and practical implementation challenges in modern AI systems."
128,Faiss For Large Scale Vector Retrieval Study 3,Vector Search,"This document discusses FAISS for large scale vector retrieval. It focuses on vector search and explains core methods, system design ideas, mathematical intuition, evaluation strategies, and practical implementation challenges in modern AI systems."
129,Faiss For Large Scale Vector Retrieval Study 4,Vector Search,"This document discusses FAISS for large scale vector retrieval. It focuses on vector search and explains core methods, system design ideas, mathematical intuition, evaluation strategies, and practical implementation challenges in modern AI systems."
130,Faiss For Large Scale Vector Retrieval Study 5,Vector Search,"This document discusses FAISS for large scale vector retrieval. It focuses on vector search and explains core methods, system design ideas, mathematical intuition, evaluation strategies, and practical implementation challenges in modern AI systems."
131,Faiss For Large Scale Vector Retrieval Study 6,Vector Search,"This document discusses FAISS for large scale vector retrieval. It focuses on vector search and explains core methods, system design ideas, mathematical intuition, evaluation strategies, and practical implementation challenges in modern AI systems."
132,Faiss For Large Scale Vector Retrieval Study 7,Vector Search,"This document discusses FAISS for large scale vector retrieval. It focuses on vector search and explains core methods, system design ideas, mathematical intuition, evaluation strategies, and practical implementation challenges in modern AI systems."
133,Faiss For Large Scale Vector Retrieval Study 8,Vector Search,"This document discusses FAISS for large scale vector retrieval. It focuses on vector search and explains core methods, system design ideas, mathematical intuition, evaluation strategies, and practical implementation challenges in modern AI systems."
134,Faiss For Large Scale Vector Retrieval Study 9,Vector Search,"This document discusses FAISS for large scale vector retrieval. It focuses on vector search and explains core methods, system design ideas, mathematical intuition, evaluation strategies, and practical implementation challenges in modern AI systems."
135,Faiss For Large Scale Vector Retrieval Study 10,Vector Search,"This document discusses FAISS for large scale vector retrieval. It focuses on vector search and explains core methods, system design ideas, mathematical intuition, evaluation strategies, and practical implementation challenges in modern AI systems."
136,Faiss For Large Scale Vector Retrieval Study 11,Vector Search,"This document discusses FAISS for large scale vector retrieval. It focuses on vector search and explains core methods, system design ideas, mathematical intuition, evaluation strategies, and practical implementation challenges in modern AI systems."
137,Faiss For Large Scale Vector Retrieval Study 12,Vector Search,"This document discusses FAISS for large scale vector retrieval. It focuses on vector search and explains core methods, system design ideas, mathematical intuition, evaluation strategies, and practical implementation challenges in modern AI systems."
138,Faiss For Large Scale Vector Retrieval Study 13,Vector Search,"This document discusses FAISS for large scale vector retrieval. It focuses on vector search and explains core methods, system design ideas, mathematical intuition, evaluation strategies, and practical implementation challenges in modern AI systems."
139,Faiss For Large Scale Vector Retrieval Study 14,Vector Search,"This document discusses FAISS for large scale vector retrieval. It focuses on vector search and explains core methods, system design ideas, mathematical intuition, evaluation strategies, and practical implementation challenges in modern AI systems."
140,Faiss For Large Scale Vector Retrieval Study 15,Vector Search,"This document discusses FAISS for large scale vector retrieval. It focuses on vector search and explains core methods, system design ideas, mathematical intuition, evaluation strategies, and practical implementation challenges in modern AI systems."
141,Faiss For Large Scale Vector Retrieval Study 16,Vector Search,"This document discusses FAISS for large scale vector retrieval. It focuses on vector search and explains core methods, system design ideas, mathematical intuition, evaluation strategies, and practical implementation challenges in modern AI systems."
142,Faiss For Large Scale Vector Retrieval Study 17,Vector Search,"This document discusses FAISS for large scale vector retrieval. It focuses on vector search and explains core methods, system design ideas, mathematical intuition, evaluation strategies, and practical implementation challenges in modern AI systems."
143,Faiss For Large Scale Vector Retrieval Study 18,Vector Search,"This document discusses FAISS for large scale vector retrieval. It focuses on vector search and explains core methods, system design ideas, mathematical intuition, evaluation strategies, and practical implementation challenges in modern AI systems."
144,Faiss For Large Scale Vector Retrieval Study 19,Vector Search,"This document discusses FAISS for large scale vector retrieval. It focuses on vector search and explains core methods, system design ideas, mathematical intuition, evaluation strategies, and practical implementation challenges in modern AI systems."
145,Faiss For Large Scale Vector Retrieval Study 20,Vector Search,"This document discusses FAISS for large scale vector retrieval. It focuses on vector search and explains core methods, system design ideas, mathematical intuition, evaluation strategies, and practical implementation challenges in modern AI systems."
146,Faiss For Large Scale Vector Retrieval Study 21,Vector Search,"This document discusses FAISS for large scale vector retrieval. It focuses on vector search and explains core methods, system design ideas, mathematical intuition, evaluation strategies, and practical implementation challenges in modern AI systems."
147,Faiss For Large Scale Vector Retrieval Study 22,Vector Search,"This document discusses FAISS for large scale vector retrieval. It focuses on vector search and explains core methods, system design ideas, mathematical intuition, evaluation strategies, and practical implementation challenges in modern AI systems."
148,Faiss For Large Scale Vector Retrieval Study 23,Vector Search,"This document discusses FAISS for large scale vector retrieval. It focuses on vector search and explains core methods, system design ideas, mathematical intuition, evaluation strategies, and practical implementation challenges in modern AI systems."
149,Faiss For Large Scale Vector Retrieval Study 24,Vector Search,"This document discusses FAISS for large scale vector retrieval. It focuses on vector search and explains core methods, system design ideas, mathematical intuition, evaluation strategies, and practical implementation challenges in modern AI systems."
150,Faiss For Large Scale Vector Retrieval Study 25,Vector Search,"This document discusses FAISS for large scale vector retrieval. It focuses on vector search and explains core methods, system design ideas, mathematical intuition, evaluation strategies, and practical implementation challenges in modern AI systems."
151,Approximate Nearest Neighbor Search Using Embeddings Study 1,Vector Search,"This document discusses Approximate nearest neighbor search using embeddings. It focuses on vector search and explains core methods, system design ideas, mathematical intuition, evaluation strategies, and practical implementation challenges in modern AI systems."
152,Approximate Nearest Neighbor Search Using Embeddings Study 2,Vector Search,"This document discusses Approximate nearest neighbor search using embeddings. It focuses on vector search and explains core methods, system design ideas, mathematical intuition, evaluation strategies, and practical implementation challenges in modern AI systems."
153,Approximate Nearest Neighbor Search Using Embeddings Study 3,Vector Search,"This document discusses Approximate nearest neighbor search using embeddings. It focuses on vector search and explains core methods, system design ideas, mathematical intuition, evaluation strategies, and practical implementation challenges in modern AI systems."
154,Approximate Nearest Neighbor Search Using Embeddings Study 4,Vector Search,"This document discusses Approximate nearest neighbor search using embeddings. It focuses on vector search and explains core methods, system design ideas, mathematical intuition, evaluation strategies, and practical implementation challenges in modern AI systems."
155,Approximate Nearest Neighbor Search Using Embeddings Study 5,Vector Search,"This document discusses Approximate nearest neighbor search using embeddings. It focuses on vector search and explains core methods, system design ideas, mathematical intuition, evaluation strategies, and practical implementation challenges in modern AI systems."
156,Approximate Nearest Neighbor Search Using Embeddings Study 6,Vector Search,"This document discusses Approximate nearest neighbor search using embeddings. It focuses on vector search and explains core methods, system design ideas, mathematical intuition, evaluation strategies, and practical implementation challenges in modern AI systems."
157,Approximate Nearest Neighbor Search Using Embeddings Study 7,Vector Search,"This document discusses Approximate nearest neighbor search using embeddings. It focuses on vector search and explains core methods, system design ideas, mathematical intuition, evaluation strategies, and practical implementation challenges in modern AI systems."
158,Approximate Nearest Neighbor Search Using Embeddings Study 8,Vector Search,"This document discusses Approximate nearest neighbor search using embeddings. It focuses on vector search and explains core methods, system design ideas, mathematical intuition, evaluation strategies, and practical implementation challenges in modern AI systems."
159,Approximate Nearest Neighbor Search Using Embeddings Study 9,Vector Search,"This document discusses Approximate nearest neighbor search using embeddings. It focuses on vector search and explains core methods, system design ideas, mathematical intuition, evaluation strategies, and practical implementation challenges in modern AI systems."
160,Approximate Nearest Neighbor Search Using Embeddings Study 10,Vector Search,"This document discusses Approximate nearest neighbor search using embeddings. It focuses on vector search and explains core methods, system design ideas, mathematical intuition, evaluation strategies, and practical implementation challenges in modern AI systems."
161,Approximate Nearest Neighbor Search Using Embeddings Study 11,Vector Search,"This document discusses Approximate nearest neighbor search using embeddings. It focuses on vector search and explains core methods, system design ideas, mathematical intuition, evaluation strategies, and practical implementation challenges in modern AI systems."
162,Approximate Nearest Neighbor Search Using Embeddings Study 12,Vector Search,"This document discusses Approximate nearest neighbor search using embeddings. It focuses on vector search and explains core methods, system design ideas, mathematical intuition, evaluation strategies, and practical implementation challenges in modern AI systems."
163,Approximate Nearest Neighbor Search Using Embeddings Study 13,Vector Search,"This document discusses Approximate nearest neighbor search using embeddings. It focuses on vector search and explains core methods, system design ideas, mathematical intuition, evaluation strategies, and practical implementation challenges in modern AI systems."
164,Approximate Nearest Neighbor Search Using Embeddings Study 14,Vector Search,"This document discusses Approximate nearest neighbor search using embeddings. It focuses on vector search and explains core methods, system design ideas, mathematical intuition, evaluation strategies, and practical implementation challenges in modern AI systems."
165,Approximate Nearest Neighbor Search Using Embeddings Study 15,Vector Search,"This document discusses Approximate nearest neighbor search using embeddings. It focuses on vector search and explains core methods, system design ideas, mathematical intuition, evaluation strategies, and practical implementation challenges in modern AI systems."
166,Approximate Nearest Neighbor Search Using Embeddings Study 16,Vector Search,"This document discusses Approximate nearest neighbor search using embeddings. It focuses on vector search and explains core methods, system design ideas, mathematical intuition, evaluation strategies, and practical implementation challenges in modern AI systems."
167,Approximate Nearest Neighbor Search Using Embeddings Study 17,Vector Search,"This document discusses Approximate nearest neighbor search using embeddings. It focuses on vector search and explains core methods, system design ideas, mathematical intuition, evaluation strategies, and practical implementation challenges in modern AI systems."
168,Approximate Nearest Neighbor Search Using Embeddings Study 18,Vector Search,"This document discusses Approximate nearest neighbor search using embeddings. It focuses on vector search and explains core methods, system design ideas, mathematical intuition, evaluation strategies, and practical implementation challenges in modern AI systems."
169,Approximate Nearest Neighbor Search Using Embeddings Study 19,Vector Search,"This document discusses Approximate nearest neighbor search using embeddings. It focuses on vector search and explains core methods, system design ideas, mathematical intuition, evaluation strategies, and practical implementation challenges in modern AI systems."
170,Approximate Nearest Neighbor Search Using Embeddings Study 20,Vector Search,"This document discusses Approximate nearest neighbor search using embeddings. It focuses on vector search and explains core methods, system design ideas, mathematical intuition, evaluation strategies, and practical implementation challenges in modern AI systems."
171,Approximate Nearest Neighbor Search Using Embeddings Study 21,Vector Search,"This document discusses Approximate nearest neighbor search using embeddings. It focuses on vector search and explains core methods, system design ideas, mathematical intuition, evaluation strategies, and practical implementation challenges in modern AI systems."
172,Approximate Nearest Neighbor Search Using Embeddings Study 22,Vector Search,"This document discusses Approximate nearest neighbor search using embeddings. It focuses on vector search and explains core methods, system design ideas, mathematical intuition, evaluation strategies, and practical implementation challenges in modern AI systems."
173,Approximate Nearest Neighbor Search Using Embeddings Study 23,Vector Search,"This document discusses Approximate nearest neighbor search using embeddings. It focuses on vector search and explains core methods, system design ideas, mathematical intuition, evaluation strategies, and practical implementation challenges in modern AI systems."
174,Approximate Nearest Neighbor Search Using Embeddings Study 24,Vector Search,"This document discusses Approximate nearest neighbor search using embeddings. It focuses on vector search and explains core methods, system design ideas, mathematical intuition, evaluation strategies, and practical implementation challenges in modern AI systems."
175,Approximate Nearest Neighbor Search Using Embeddings Study 25,Vector Search,"This document discusses Approximate nearest neighbor search using embeddings. It focuses on vector search and explains core methods, system design ideas, mathematical intuition, evaluation strategies, and practical implementation challenges in modern AI systems."
176,Vector Databases For Semantic Search Applications Study 1,Vector Search,"This document discusses Vector databases for semantic search applications. It focuses on vector search and explains core methods, system design ideas, mathematical intuition, evaluation strategies, and practical implementation challenges in modern AI systems."
177,Vector Databases For Semantic Search Applications Study 2,Vector Search,"This document discusses Vector databases for semantic search applications. It focuses on vector search and explains core methods, system design ideas, mathematical intuition, evaluation strategies, and practical implementation challenges in modern AI systems."
178,Vector Databases For Semantic Search Applications Study 3,Vector Search,"This document discusses Vector databases for semantic search applications. It focuses on vector search and explains core methods, system design ideas, mathematical intuition, evaluation strategies, and practical implementation challenges in modern AI systems."
179,Vector Databases For Semantic Search Applications Study 4,Vector Search,"This document discusses Vector databases for semantic search applications. It focuses on vector search and explains core methods, system design ideas, mathematical intuition, evaluation strategies, and practical implementation challenges in modern AI systems."
180,Vector Databases For Semantic Search Applications Study 5,Vector Search,"This document discusses Vector databases for semantic search applications. It focuses on vector search and explains core methods, system design ideas, mathematical intuition, evaluation strategies, and practical implementation challenges in modern AI systems."
181,Vector Databases For Semantic Search Applications Study 6,Vector Search,"This document discusses Vector databases for semantic search applications. It focuses on vector search and explains core methods, system design ideas, mathematical intuition, evaluation strategies, and practical implementation challenges in modern AI systems."
182,Vector Databases For Semantic Search Applications Study 7,Vector Search,"This document discusses Vector databases for semantic search applications. It focuses on vector search and explains core methods, system design ideas, mathematical intuition, evaluation strategies, and practical implementation challenges in modern AI systems."
183,Vector Databases For Semantic Search Applications Study 8,Vector Search,"This document discusses Vector databases for semantic search applications. It focuses on vector search and explains core methods, system design ideas, mathematical intuition, evaluation strategies, and practical implementation challenges in modern AI systems."
184,Vector Databases For Semantic Search Applications Study 9,Vector Search,"This document discusses Vector databases for semantic search applications. It focuses on vector search and explains core methods, system design ideas, mathematical intuition, evaluation strategies, and practical implementation challenges in modern AI systems."
185,Vector Databases For Semantic Search Applications Study 10,Vector Search,"This document discusses Vector databases for semantic search applications. It focuses on vector search and explains core methods, system design ideas, mathematical intuition, evaluation strategies, and practical implementation challenges in modern AI systems."
186,Vector Databases For Semantic Search Applications Study 11,Vector Search,"This document discusses Vector databases for semantic search applications. It focuses on vector search and explains core methods, system design ideas, mathematical intuition, evaluation strategies, and practical implementation challenges in modern AI systems."
187,Vector Databases For Semantic Search Applications Study 12,Vector Search,"This document discusses Vector databases for semantic search applications. It focuses on vector search and explains core methods, system design ideas, mathematical intuition, evaluation strategies, and practical implementation challenges in modern AI systems."
188,Vector Databases For Semantic Search Applications Study 13,Vector Search,"This document discusses Vector databases for semantic search applications. It focuses on vector search and explains core methods, system design ideas, mathematical intuition, evaluation strategies, and practical implementation challenges in modern AI systems."
189,Vector Databases For Semantic Search Applications Study 14,Vector Search,"This document discusses Vector databases for semantic search applications. It focuses on vector search and explains core methods, system design ideas, mathematical intuition, evaluation strategies, and practical implementation challenges in modern AI systems."
190,Vector Databases For Semantic Search Applications Study 15,Vector Search,"This document discusses Vector databases for semantic search applications. It focuses on vector search and explains core methods, system design ideas, mathematical intuition, evaluation strategies, and practical implementation challenges in modern AI systems."
191,Vector Databases For Semantic Search Applications Study 16,Vector Search,"This document discusses Vector databases for semantic search applications. It focuses on vector search and explains core methods, system design ideas, mathematical intuition, evaluation strategies, and practical implementation challenges in modern AI systems."
192,Vector Databases For Semantic Search Applications Study 17,Vector Search,"This document discusses Vector databases for semantic search applications. It focuses on vector search and explains core methods, system design ideas, mathematical intuition, evaluation strategies, and practical implementation challenges in modern AI systems."
193,Vector Databases For Semantic Search Applications Study 18,Vector Search,"This document discusses Vector databases for semantic search applications. It focuses on vector search and explains core methods, system design ideas, mathematical intuition, evaluation strategies, and practical implementation challenges in modern AI systems."
194,Vector Databases For Semantic Search Applications Study 19,Vector Search,"This document discusses Vector databases for semantic search applications. It focuses on vector search and explains core methods, system design ideas, mathematical intuition, evaluation strategies, and practical implementation challenges in modern AI systems."
195,Vector Databases For Semantic Search Applications Study 20,Vector Search,"This document discusses Vector databases for semantic search applications. It focuses on vector search and explains core methods, system design ideas, mathematical intuition, evaluation strategies, and practical implementation challenges in modern AI systems."
196,Vector Databases For Semantic Search Applications Study 21,Vector Search,"This document discusses Vector databases for semantic search applications. It focuses on vector search and explains core methods, system design ideas, mathematical intuition, evaluation strategies, and practical implementation challenges in modern AI systems."
197,Vector Databases For Semantic Search Applications Study 22,Vector Search,"This document discusses Vector databases for semantic search applications. It focuses on vector search and explains core methods, system design ideas, mathematical intuition, evaluation strategies, and practical implementation challenges in modern AI systems."
198,Vector Databases For Semantic Search Applications Study 23,Vector Search,"This document discusses Vector databases for semantic search applications. It focuses on vector search and explains core methods, system design ideas, mathematical intuition, evaluation strategies, and practical implementation challenges in modern AI systems."
199,Vector Databases For Semantic Search Applications Study 24,Vector Search,"This document discusses Vector databases for semantic search applications. It focuses on vector search and explains core methods, system design ideas, mathematical intuition, evaluation strategies, and practical implementation challenges in modern AI systems."
200,Vector Databases For Semantic Search Applications Study 25,Vector Search,"This document discusses Vector databases for semantic search applications. It focuses on vector search and explains core methods, system design ideas, mathematical intuition, evaluation strategies, and practical implementation challenges in modern AI systems."
201,High Dimensional Similarity Search In Ai Systems Study 1,Vector Search,"This document discusses High dimensional similarity search in AI systems. It focuses on vector search and explains core methods, system design ideas, mathematical intuition, evaluation strategies, and practical implementation challenges in modern AI systems."
202,High Dimensional Similarity Search In Ai Systems Study 2,Vector Search,"This document discusses High dimensional similarity search in AI systems. It focuses on vector search and explains core methods, system design ideas, mathematical intuition, evaluation strategies, and practical implementation challenges in modern AI systems."
203,High Dimensional Similarity Search In Ai Systems Study 3,Vector Search,"This document discusses High dimensional similarity search in AI systems. It focuses on vector search and explains core methods, system design ideas, mathematical intuition, evaluation strategies, and practical implementation challenges in modern AI systems."
204,High Dimensional Similarity Search In Ai Systems Study 4,Vector Search,"This document discusses High dimensional similarity search in AI systems. It focuses on vector search and explains core methods, system design ideas, mathematical intuition, evaluation strategies, and practical implementation challenges in modern AI systems."
205,High Dimensional Similarity Search In Ai Systems Study 5,Vector Search,"This document discusses High dimensional similarity search in AI systems. It focuses on vector search and explains core methods, system design ideas, mathematical intuition, evaluation strategies, and practical implementation challenges in modern AI systems."
206,High Dimensional Similarity Search In Ai Systems Study 6,Vector Search,"This document discusses High dimensional similarity search in AI systems. It focuses on vector search and explains core methods, system design ideas, mathematical intuition, evaluation strategies, and practical implementation challenges in modern AI systems."
207,High Dimensional Similarity Search In Ai Systems Study 7,Vector Search,"This document discusses High dimensional similarity search in AI systems. It focuses on vector search and explains core methods, system design ideas, mathematical intuition, evaluation strategies, and practical implementation challenges in modern AI systems."
208,High Dimensional Similarity Search In Ai Systems Study 8,Vector Search,"This document discusses High dimensional similarity search in AI systems. It focuses on vector search and explains core methods, system design ideas, mathematical intuition, evaluation strategies, and practical implementation challenges in modern AI systems."
209,High Dimensional Similarity Search In Ai Systems Study 9,Vector Search,"This document discusses High dimensional similarity search in AI systems. It focuses on vector search and explains core methods, system design ideas, mathematical intuition, evaluation strategies, and practical implementation challenges in modern AI systems."
210,High Dimensional Similarity Search In Ai Systems Study 10,Vector Search,"This document discusses High dimensional similarity search in AI systems. It focuses on vector search and explains core methods, system design ideas, mathematical intuition, evaluation strategies, and practical implementation challenges in modern AI systems."
211,High Dimensional Similarity Search In Ai Systems Study 11,Vector Search,"This document discusses High dimensional similarity search in AI systems. It focuses on vector search and explains core methods, system design ideas, mathematical intuition, evaluation strategies, and practical implementation challenges in modern AI systems."
212,High Dimensional Similarity Search In Ai Systems Study 12,Vector Search,"This document discusses High dimensional similarity search in AI systems. It focuses on vector search and explains core methods, system design ideas, mathematical intuition, evaluation strategies, and practical implementation challenges in modern AI systems."
213,High Dimensional Similarity Search In Ai Systems Study 13,Vector Search,"This document discusses High dimensional similarity search in AI systems. It focuses on vector search and explains core methods, system design ideas, mathematical intuition, evaluation strategies, and practical implementation challenges in modern AI systems."
214,High Dimensional Similarity Search In Ai Systems Study 14,Vector Search,"This document discusses High dimensional similarity search in AI systems. It focuses on vector search and explains core methods, system design ideas, mathematical intuition, evaluation strategies, and practical implementation challenges in modern AI systems."
215,High Dimensional Similarity Search In Ai Systems Study 15,Vector Search,"This document discusses High dimensional similarity search in AI systems. It focuses on vector search and explains core methods, system design ideas, mathematical intuition, evaluation strategies, and practical implementation challenges in modern AI systems."
216,High Dimensional Similarity Search In Ai Systems Study 16,Vector Search,"This document discusses High dimensional similarity search in AI systems. It focuses on vector search and explains core methods, system design ideas, mathematical intuition, evaluation strategies, and practical implementation challenges in modern AI systems."
217,High Dimensional Similarity Search In Ai Systems Study 17,Vector Search,"This document discusses High dimensional similarity search in AI systems. It focuses on vector search and explains core methods, system design ideas, mathematical intuition, evaluation strategies, and practical implementation challenges in modern AI systems."
218,High Dimensional Similarity Search In Ai Systems Study 18,Vector Search,"This document discusses High dimensional similarity search in AI systems. It focuses on vector search and explains core methods, system design ideas, mathematical intuition, evaluation strategies, and practical implementation challenges in modern AI systems."
219,High Dimensional Similarity Search In Ai Systems Study 19,Vector Search,"This document discusses High dimensional similarity search in AI systems. It focuses on vector search and explains core methods, system design ideas, mathematical intuition, evaluation strategies, and practical implementation challenges in modern AI systems."
220,High Dimensional Similarity Search In Ai Systems Study 20,Vector Search,"This document discusses High dimensional similarity search in AI systems. It focuses on vector search and explains core methods, system design ideas, mathematical intuition, evaluation strategies, and practical implementation challenges in modern AI systems."
221,High Dimensional Similarity Search In Ai Systems Study 21,Vector Search,"This document discusses High dimensional similarity search in AI systems. It focuses on vector search and explains core methods, system design ideas, mathematical intuition, evaluation strategies, and practical implementation challenges in modern AI systems."
222,High Dimensional Similarity Search In Ai Systems Study 22,Vector Search,"This document discusses High dimensional similarity search in AI systems. It focuses on vector search and explains core methods, system design ideas, mathematical intuition, evaluation strategies, and practical implementation challenges in modern AI systems."
223,High Dimensional Similarity Search In Ai Systems Study 23,Vector Search,"This document discusses High dimensional similarity search in AI systems. It focuses on vector search and explains core methods, system design ideas, mathematical intuition, evaluation strategies, and practical implementation challenges in modern AI systems."
224,High Dimensional Similarity Search In Ai Systems Study 24,Vector Search,"This document discusses High dimensional similarity search in AI systems. It focuses on vector search and explains core methods, system design ideas, mathematical intuition, evaluation strategies, and practical implementation challenges in modern AI systems."
225,High Dimensional Similarity Search In Ai Systems Study 25,Vector Search,"This document discusses High dimensional similarity search in AI systems. It focuses on vector search and explains core methods, system design ideas, mathematical intuition, evaluation strategies, and practical implementation challenges in modern AI systems."
226,Embedding Indexing For Scalable Retrieval Study 1,Vector Search,"This document discusses Embedding indexing for scalable retrieval. It focuses on vector search and explains core methods, system design ideas, mathematical intuition, evaluation strategies, and practical implementation challenges in modern AI systems."
227,Embedding Indexing For Scalable Retrieval Study 2,Vector Search,"This document discusses Embedding indexing for scalable retrieval. It focuses on vector search and explains core methods, system design ideas, mathematical intuition, evaluation strategies, and practical implementation challenges in modern AI systems."
228,Embedding Indexing For Scalable Retrieval Study 3,Vector Search,"This document discusses Embedding indexing for scalable retrieval. It focuses on vector search and explains core methods, system design ideas, mathematical intuition, evaluation strategies, and practical implementation challenges in modern AI systems."
229,Embedding Indexing For Scalable Retrieval Study 4,Vector Search,"This document discusses Embedding indexing for scalable retrieval. It focuses on vector search and explains core methods, system design ideas, mathematical intuition, evaluation strategies, and practical implementation challenges in modern AI systems."
230,Embedding Indexing For Scalable Retrieval Study 5,Vector Search,"This document discusses Embedding indexing for scalable retrieval. It focuses on vector search and explains core methods, system design ideas, mathematical intuition, evaluation strategies, and practical implementation challenges in modern AI systems."
231,Embedding Indexing For Scalable Retrieval Study 6,Vector Search,"This document discusses Embedding indexing for scalable retrieval. It focuses on vector search and explains core methods, system design ideas, mathematical intuition, evaluation strategies, and practical implementation challenges in modern AI systems."
232,Embedding Indexing For Scalable Retrieval Study 7,Vector Search,"This document discusses Embedding indexing for scalable retrieval. It focuses on vector search and explains core methods, system design ideas, mathematical intuition, evaluation strategies, and practical implementation challenges in modern AI systems."
233,Embedding Indexing For Scalable Retrieval Study 8,Vector Search,"This document discusses Embedding indexing for scalable retrieval. It focuses on vector search and explains core methods, system design ideas, mathematical intuition, evaluation strategies, and practical implementation challenges in modern AI systems."
234,Embedding Indexing For Scalable Retrieval Study 9,Vector Search,"This document discusses Embedding indexing for scalable retrieval. It focuses on vector search and explains core methods, system design ideas, mathematical intuition, evaluation strategies, and practical implementation challenges in modern AI systems."
235,Embedding Indexing For Scalable Retrieval Study 10,Vector Search,"This document discusses Embedding indexing for scalable retrieval. It focuses on vector search and explains core methods, system design ideas, mathematical intuition, evaluation strategies, and practical implementation challenges in modern AI systems."
236,Embedding Indexing For Scalable Retrieval Study 11,Vector Search,"This document discusses Embedding indexing for scalable retrieval. It focuses on vector search and explains core methods, system design ideas, mathematical intuition, evaluation strategies, and practical implementation challenges in modern AI systems."
237,Embedding Indexing For Scalable Retrieval Study 12,Vector Search,"This document discusses Embedding indexing for scalable retrieval. It focuses on vector search and explains core methods, system design ideas, mathematical intuition, evaluation strategies, and practical implementation challenges in modern AI systems."
238,Embedding Indexing For Scalable Retrieval Study 13,Vector Search,"This document discusses Embedding indexing for scalable retrieval. It focuses on vector search and explains core methods, system design ideas, mathematical intuition, evaluation strategies, and practical implementation challenges in modern AI systems."
239,Embedding Indexing For Scalable Retrieval Study 14,Vector Search,"This document discusses Embedding indexing for scalable retrieval. It focuses on vector search and explains core methods, system design ideas, mathematical intuition, evaluation strategies, and practical implementation challenges in modern AI systems."
240,Embedding Indexing For Scalable Retrieval Study 15,Vector Search,"This document discusses Embedding indexing for scalable retrieval. It focuses on vector search and explains core methods, system design ideas, mathematical intuition, evaluation strategies, and practical implementation challenges in modern AI systems."
241,Embedding Indexing For Scalable Retrieval Study 16,Vector Search,"This document discusses Embedding indexing for scalable retrieval. It focuses on vector search and explains core methods, system design ideas, mathematical intuition, evaluation strategies, and practical implementation challenges in modern AI systems."
242,Embedding Indexing For Scalable Retrieval Study 17,Vector Search,"This document discusses Embedding indexing for scalable retrieval. It focuses on vector search and explains core methods, system design ideas, mathematical intuition, evaluation strategies, and practical implementation challenges in modern AI systems."
243,Embedding Indexing For Scalable Retrieval Study 18,Vector Search,"This document discusses Embedding indexing for scalable retrieval. It focuses on vector search and explains core methods, system design ideas, mathematical intuition, evaluation strategies, and practical implementation challenges in modern AI systems."
244,Embedding Indexing For Scalable Retrieval Study 19,Vector Search,"This document discusses Embedding indexing for scalable retrieval. It focuses on vector search and explains core methods, system design ideas, mathematical intuition, evaluation strategies, and practical implementation challenges in modern AI systems."
245,Embedding Indexing For Scalable Retrieval Study 20,Vector Search,"This document discusses Embedding indexing for scalable retrieval. It focuses on vector search and explains core methods, system design ideas, mathematical intuition, evaluation strategies, and practical implementation challenges in modern AI systems."
246,Embedding Indexing For Scalable Retrieval Study 21,Vector Search,"This document discusses Embedding indexing for scalable retrieval. It focuses on vector search and explains core methods, system design ideas, mathematical intuition, evaluation strategies, and practical implementation challenges in modern AI systems."
247,Embedding Indexing For Scalable Retrieval Study 22,Vector Search,"This document discusses Embedding indexing for scalable retrieval. It focuses on vector search and explains core methods, system design ideas, mathematical intuition, evaluation strategies, and practical implementation challenges in modern AI systems."
248,Embedding Indexing For Scalable Retrieval Study 23,Vector Search,"This document discusses Embedding indexing for scalable retrieval. It focuses on vector search and explains core methods, system design ideas, mathematical intuition, evaluation strategies, and practical implementation challenges in modern AI systems."
249,Embedding Indexing For Scalable Retrieval Study 24,Vector Search,"This document discusses Embedding indexing for scalable retrieval. It focuses on vector search and explains core methods, system design ideas, mathematical intuition, evaluation strategies, and practical implementation challenges in modern AI systems."
250,Embedding Indexing For Scalable Retrieval Study 25,Vector Search,"This document discusses Embedding indexing for scalable retrieval. It focuses on vector search and explains core methods, system design ideas, mathematical intuition, evaluation strategies, and practical implementation challenges in modern AI systems."
251,Retrieval Augmented Generation For Question Answering Study 1,RAG,"This document discusses Retrieval augmented generation for question answering. It focuses on rag and explains core methods, system design ideas, mathematical intuition, evaluation strategies, and practical implementation challenges in modern AI systems."
252,Retrieval Augmented Generation For Question Answering Study 2,RAG,"This document discusses Retrieval augmented generation for question answering. It focuses on rag and explains core methods, system design ideas, mathematical intuition, evaluation strategies, and practical implementation challenges in modern AI systems."
253,Retrieval Augmented Generation For Question Answering Study 3,RAG,"This document discusses Retrieval augmented generation for question answering. It focuses on rag and explains core methods, system design ideas, mathematical intuition, evaluation strategies, and practical implementation challenges in modern AI systems."
254,Retrieval Augmented Generation For Question Answering Study 4,RAG,"This document discusses Retrieval augmented generation for question answering. It focuses on rag and explains core methods, system design ideas, mathematical intuition, evaluation strategies, and practical implementation challenges in modern AI systems."
255,Retrieval Augmented Generation For Question Answering Study 5,RAG,"This document discusses Retrieval augmented generation for question answering. It focuses on rag and explains core methods, system design ideas, mathematical intuition, evaluation strategies, and practical implementation challenges in modern AI systems."
256,Retrieval Augmented Generation For Question Answering Study 6,RAG,"This document discusses Retrieval augmented generation for question answering. It focuses on rag and explains core methods, system design ideas, mathematical intuition, evaluation strategies, and practical implementation challenges in modern AI systems."
257,Retrieval Augmented Generation For Question Answering Study 7,RAG,"This document discusses Retrieval augmented generation for question answering. It focuses on rag and explains core methods, system design ideas, mathematical intuition, evaluation strategies, and practical implementation challenges in modern AI systems."
258,Retrieval Augmented Generation For Question Answering Study 8,RAG,"This document discusses Retrieval augmented generation for question answering. It focuses on rag and explains core methods, system design ideas, mathematical intuition, evaluation strategies, and practical implementation challenges in modern AI systems."
259,Retrieval Augmented Generation For Question Answering Study 9,RAG,"This document discusses Retrieval augmented generation for question answering. It focuses on rag and explains core methods, system design ideas, mathematical intuition, evaluation strategies, and practical implementation challenges in modern AI systems."
260,Retrieval Augmented Generation For Question Answering Study 10,RAG,"This document discusses Retrieval augmented generation for question answering. It focuses on rag and explains core methods, system design ideas, mathematical intuition, evaluation strategies, and practical implementation challenges in modern AI systems."
261,Retrieval Augmented Generation For Question Answering Study 11,RAG,"This document discusses Retrieval augmented generation for question answering. It focuses on rag and explains core methods, system design ideas, mathematical intuition, evaluation strategies, and practical implementation challenges in modern AI systems."
262,Retrieval Augmented Generation For Question Answering Study 12,RAG,"This document discusses Retrieval augmented generation for question answering. It focuses on rag and explains core methods, system design ideas, mathematical intuition, evaluation strategies, and practical implementation challenges in modern AI systems."
263,Retrieval Augmented Generation For Question Answering Study 13,RAG,"This document discusses Retrieval augmented generation for question answering. It focuses on rag and explains core methods, system design ideas, mathematical intuition, evaluation strategies, and practical implementation challenges in modern AI systems."
264,Retrieval Augmented Generation For Question Answering Study 14,RAG,"This document discusses Retrieval augmented generation for question answering. It focuses on rag and explains core methods, system design ideas, mathematical intuition, evaluation strategies, and practical implementation challenges in modern AI systems."
265,Retrieval Augmented Generation For Question Answering Study 15,RAG,"This document discusses Retrieval augmented generation for question answering. It focuses on rag and explains core methods, system design ideas, mathematical intuition, evaluation strategies, and practical implementation challenges in modern AI systems."
266,Retrieval Augmented Generation For Question Answering Study 16,RAG,"This document discusses Retrieval augmented generation for question answering. It focuses on rag and explains core methods, system design ideas, mathematical intuition, evaluation strategies, and practical implementation challenges in modern AI systems."
267,Retrieval Augmented Generation For Question Answering Study 17,RAG,"This document discusses Retrieval augmented generation for question answering. It focuses on rag and explains core methods, system design ideas, mathematical intuition, evaluation strategies, and practical implementation challenges in modern AI systems."
268,Retrieval Augmented Generation For Question Answering Study 18,RAG,"This document discusses Retrieval augmented generation for question answering. It focuses on rag and explains core methods, system design ideas, mathematical intuition, evaluation strategies, and practical implementation challenges in modern AI systems."
269,Retrieval Augmented Generation For Question Answering Study 19,RAG,"This document discusses Retrieval augmented generation for question answering. It focuses on rag and explains core methods, system design ideas, mathematical intuition, evaluation strategies, and practical implementation challenges in modern AI systems."
270,Retrieval Augmented Generation For Question Answering Study 20,RAG,"This document discusses Retrieval augmented generation for question answering. It focuses on rag and explains core methods, system design ideas, mathematical intuition, evaluation strategies, and practical implementation challenges in modern AI systems."
271,Retrieval Augmented Generation For Question Answering Study 21,RAG,"This document discusses Retrieval augmented generation for question answering. It focuses on rag and explains core methods, system design ideas, mathematical intuition, evaluation strategies, and practical implementation challenges in modern AI systems."
272,Retrieval Augmented Generation For Question Answering Study 22,RAG,"This document discusses Retrieval augmented generation for question answering. It focuses on rag and explains core methods, system design ideas, mathematical intuition, evaluation strategies, and practical implementation challenges in modern AI systems."
273,Retrieval Augmented Generation For Question Answering Study 23,RAG,"This document discusses Retrieval augmented generation for question answering. It focuses on rag and explains core methods, system design ideas, mathematical intuition, evaluation strategies, and practical implementation challenges in modern AI systems."
274,Retrieval Augmented Generation For Question Answering Study 24,RAG,"This document discusses Retrieval augmented generation for question answering. It focuses on rag and explains core methods, system design ideas, mathematical intuition, evaluation strategies, and practical implementation challenges in modern AI systems."
275,Retrieval Augmented Generation For Question Answering Study 25,RAG,"This document discusses Retrieval augmented generation for question answering. It focuses on rag and explains core methods, system design ideas, mathematical intuition, evaluation strategies, and practical implementation challenges in modern AI systems."
276,Document Retrieval For Grounded Language Models Study 1,RAG,"This document discusses Document retrieval for grounded language models. It focuses on rag and explains core methods, system design ideas, mathematical intuition, evaluation strategies, and practical implementation challenges in modern AI systems."
277,Document Retrieval For Grounded Language Models Study 2,RAG,"This document discusses Document retrieval for grounded language models. It focuses on rag and explains core methods, system design ideas, mathematical intuition, evaluation strategies, and practical implementation challenges in modern AI systems."
278,Document Retrieval For Grounded Language Models Study 3,RAG,"This document discusses Document retrieval for grounded language models. It focuses on rag and explains core methods, system design ideas, mathematical intuition, evaluation strategies, and practical implementation challenges in modern AI systems."
279,Document Retrieval For Grounded Language Models Study 4,RAG,"This document discusses Document retrieval for grounded language models. It focuses on rag and explains core methods, system design ideas, mathematical intuition, evaluation strategies, and practical implementation challenges in modern AI systems."
280,Document Retrieval For Grounded Language Models Study 5,RAG,"This document discusses Document retrieval for grounded language models. It focuses on rag and explains core methods, system design ideas, mathematical intuition, evaluation strategies, and practical implementation challenges in modern AI systems."
281,Document Retrieval For Grounded Language Models Study 6,RAG,"This document discusses Document retrieval for grounded language models. It focuses on rag and explains core methods, system design ideas, mathematical intuition, evaluation strategies, and practical implementation challenges in modern AI systems."
282,Document Retrieval For Grounded Language Models Study 7,RAG,"This document discusses Document retrieval for grounded language models. It focuses on rag and explains core methods, system design ideas, mathematical intuition, evaluation strategies, and practical implementation challenges in modern AI systems."
283,Document Retrieval For Grounded Language Models Study 8,RAG,"This document discusses Document retrieval for grounded language models. It focuses on rag and explains core methods, system design ideas, mathematical intuition, evaluation strategies, and practical implementation challenges in modern AI systems."
284,Document Retrieval For Grounded Language Models Study 9,RAG,"This document discusses Document retrieval for grounded language models. It focuses on rag and explains core methods, system design ideas, mathematical intuition, evaluation strategies, and practical implementation challenges in modern AI systems."
285,Document Retrieval For Grounded Language Models Study 10,RAG,"This document discusses Document retrieval for grounded language models. It focuses on rag and explains core methods, system design ideas, mathematical intuition, evaluation strategies, and practical implementation challenges in modern AI systems."
286,Document Retrieval For Grounded Language Models Study 11,RAG,"This document discusses Document retrieval for grounded language models. It focuses on rag and explains core methods, system design ideas, mathematical intuition, evaluation strategies, and practical implementation challenges in modern AI systems."
287,Document Retrieval For Grounded Language Models Study 12,RAG,"This document discusses Document retrieval for grounded language models. It focuses on rag and explains core methods, system design ideas, mathematical intuition, evaluation strategies, and practical implementation challenges in modern AI systems."
288,Document Retrieval For Grounded Language Models Study 13,RAG,"This document discusses Document retrieval for grounded language models. It focuses on rag and explains core methods, system design ideas, mathematical intuition, evaluation strategies, and practical implementation challenges in modern AI systems."
289,Document Retrieval For Grounded Language Models Study 14,RAG,"This document discusses Document retrieval for grounded language models. It focuses on rag and explains core methods, system design ideas, mathematical intuition, evaluation strategies, and practical implementation challenges in modern AI systems."
290,Document Retrieval For Grounded Language Models Study 15,RAG,"This document discusses Document retrieval for grounded language models. It focuses on rag and explains core methods, system design ideas, mathematical intuition, evaluation strategies, and practical implementation challenges in modern AI systems."
291,Document Retrieval For Grounded Language Models Study 16,RAG,"This document discusses Document retrieval for grounded language models. It focuses on rag and explains core methods, system design ideas, mathematical intuition, evaluation strategies, and practical implementation challenges in modern AI systems."
292,Document Retrieval For Grounded Language Models Study 17,RAG,"This document discusses Document retrieval for grounded language models. It focuses on rag and explains core methods, system design ideas, mathematical intuition, evaluation strategies, and practical implementation challenges in modern AI systems."
293,Document Retrieval For Grounded Language Models Study 18,RAG,"This document discusses Document retrieval for grounded language models. It focuses on rag and explains core methods, system design ideas, mathematical intuition, evaluation strategies, and practical implementation challenges in modern AI systems."
294,Document Retrieval For Grounded Language Models Study 19,RAG,"This document discusses Document retrieval for grounded language models. It focuses on rag and explains core methods, system design ideas, mathematical intuition, evaluation strategies, and practical implementation challenges in modern AI systems."
295,Document Retrieval For Grounded Language Models Study 20,RAG,"This document discusses Document retrieval for grounded language models. It focuses on rag and explains core methods, system design ideas, mathematical intuition, evaluation strategies, and practical implementation challenges in modern AI systems."
296,Document Retrieval For Grounded Language Models Study 21,RAG,"This document discusses Document retrieval for grounded language models. It focuses on rag and explains core methods, system design ideas, mathematical intuition, evaluation strategies, and practical implementation challenges in modern AI systems."
297,Document Retrieval For Grounded Language Models Study 22,RAG,"This document discusses Document retrieval for grounded language models. It focuses on rag and explains core methods, system design ideas, mathematical intuition, evaluation strategies, and practical implementation challenges in modern AI systems."
298,Document Retrieval For Grounded Language Models Study 23,RAG,"This document discusses Document retrieval for grounded language models. It focuses on rag and explains core methods, system design ideas, mathematical intuition, evaluation strategies, and practical implementation challenges in modern AI systems."
299,Document Retrieval For Grounded Language Models Study 24,RAG,"This document discusses Document retrieval for grounded language models. It focuses on rag and explains core methods, system design ideas, mathematical intuition, evaluation strategies, and practical implementation challenges in modern AI systems."
300,Document Retrieval For Grounded Language Models Study 25,RAG,"This document discusses Document retrieval for grounded language models. It focuses on rag and explains core methods, system design ideas, mathematical intuition, evaluation strategies, and practical implementation challenges in modern AI systems."
301,Rag Pipelines For Enterprise Knowledge Systems Study 1,RAG,"This document discusses RAG pipelines for enterprise knowledge systems. It focuses on rag and explains core methods, system design ideas, mathematical intuition, evaluation strategies, and practical implementation challenges in modern AI systems."
302,Rag Pipelines For Enterprise Knowledge Systems Study 2,RAG,"This document discusses RAG pipelines for enterprise knowledge systems. It focuses on rag and explains core methods, system design ideas, mathematical intuition, evaluation strategies, and practical implementation challenges in modern AI systems."
303,Rag Pipelines For Enterprise Knowledge Systems Study 3,RAG,"This document discusses RAG pipelines for enterprise knowledge systems. It focuses on rag and explains core methods, system design ideas, mathematical intuition, evaluation strategies, and practical implementation challenges in modern AI systems."
304,Rag Pipelines For Enterprise Knowledge Systems Study 4,RAG,"This document discusses RAG pipelines for enterprise knowledge systems. It focuses on rag and explains core methods, system design ideas, mathematical intuition, evaluation strategies, and practical implementation challenges in modern AI systems."
305,Rag Pipelines For Enterprise Knowledge Systems Study 5,RAG,"This document discusses RAG pipelines for enterprise knowledge systems. It focuses on rag and explains core methods, system design ideas, mathematical intuition, evaluation strategies, and practical implementation challenges in modern AI systems."
306,Rag Pipelines For Enterprise Knowledge Systems Study 6,RAG,"This document discusses RAG pipelines for enterprise knowledge systems. It focuses on rag and explains core methods, system design ideas, mathematical intuition, evaluation strategies, and practical implementation challenges in modern AI systems."
307,Rag Pipelines For Enterprise Knowledge Systems Study 7,RAG,"This document discusses RAG pipelines for enterprise knowledge systems. It focuses on rag and explains core methods, system design ideas, mathematical intuition, evaluation strategies, and practical implementation challenges in modern AI systems."
308,Rag Pipelines For Enterprise Knowledge Systems Study 8,RAG,"This document discusses RAG pipelines for enterprise knowledge systems. It focuses on rag and explains core methods, system design ideas, mathematical intuition, evaluation strategies, and practical implementation challenges in modern AI systems."
309,Rag Pipelines For Enterprise Knowledge Systems Study 9,RAG,"This document discusses RAG pipelines for enterprise knowledge systems. It focuses on rag and explains core methods, system design ideas, mathematical intuition, evaluation strategies, and practical implementation challenges in modern AI systems."
310,Rag Pipelines For Enterprise Knowledge Systems Study 10,RAG,"This document discusses RAG pipelines for enterprise knowledge systems. It focuses on rag and explains core methods, system design ideas, mathematical intuition, evaluation strategies, and practical implementation challenges in modern AI systems."
311,Rag Pipelines For Enterprise Knowledge Systems Study 11,RAG,"This document discusses RAG pipelines for enterprise knowledge systems. It focuses on rag and explains core methods, system design ideas, mathematical intuition, evaluation strategies, and practical implementation challenges in modern AI systems."
312,Rag Pipelines For Enterprise Knowledge Systems Study 12,RAG,"This document discusses RAG pipelines for enterprise knowledge systems. It focuses on rag and explains core methods, system design ideas, mathematical intuition, evaluation strategies, and practical implementation challenges in modern AI systems."
313,Rag Pipelines For Enterprise Knowledge Systems Study 13,RAG,"This document discusses RAG pipelines for enterprise knowledge systems. It focuses on rag and explains core methods, system design ideas, mathematical intuition, evaluation strategies, and practical implementation challenges in modern AI systems."
314,Rag Pipelines For Enterprise Knowledge Systems Study 14,RAG,"This document discusses RAG pipelines for enterprise knowledge systems. It focuses on rag and explains core methods, system design ideas, mathematical intuition, evaluation strategies, and practical implementation challenges in modern AI systems."
315,Rag Pipelines For Enterprise Knowledge Systems Study 15,RAG,"This document discusses RAG pipelines for enterprise knowledge systems. It focuses on rag and explains core methods, system design ideas, mathematical intuition, evaluation strategies, and practical implementation challenges in modern AI systems."
316,Rag Pipelines For Enterprise Knowledge Systems Study 16,RAG,"This document discusses RAG pipelines for enterprise knowledge systems. It focuses on rag and explains core methods, system design ideas, mathematical intuition, evaluation strategies, and practical implementation challenges in modern AI systems."
317,Rag Pipelines For Enterprise Knowledge Systems Study 17,RAG,"This document discusses RAG pipelines for enterprise knowledge systems. It focuses on rag and explains core methods, system design ideas, mathematical intuition, evaluation strategies, and practical implementation challenges in modern AI systems."
318,Rag Pipelines For Enterprise Knowledge Systems Study 18,RAG,"This document discusses RAG pipelines for enterprise knowledge systems. It focuses on rag and explains core methods, system design ideas, mathematical intuition, evaluation strategies, and practical implementation challenges in modern AI systems."
319,Rag Pipelines For Enterprise Knowledge Systems Study 19,RAG,"This document discusses RAG pipelines for enterprise knowledge systems. It focuses on rag and explains core methods, system design ideas, mathematical intuition, evaluation strategies, and practical implementation challenges in modern AI systems."
320,Rag Pipelines For Enterprise Knowledge Systems Study 20,RAG,"This document discusses RAG pipelines for enterprise knowledge systems. It focuses on rag and explains core methods, system design ideas, mathematical intuition, evaluation strategies, and practical implementation challenges in modern AI systems."
321,Rag Pipelines For Enterprise Knowledge Systems Study 21,RAG,"This document discusses RAG pipelines for enterprise knowledge systems. It focuses on rag and explains core methods, system design ideas, mathematical intuition, evaluation strategies, and practical implementation challenges in modern AI systems."
322,Rag Pipelines For Enterprise Knowledge Systems Study 22,RAG,"This document discusses RAG pipelines for enterprise knowledge systems. It focuses on rag and explains core methods, system design ideas, mathematical intuition, evaluation strategies, and practical implementation challenges in modern AI systems."
323,Rag Pipelines For Enterprise Knowledge Systems Study 23,RAG,"This document discusses RAG pipelines for enterprise knowledge systems. It focuses on rag and explains core methods, system design ideas, mathematical intuition, evaluation strategies, and practical implementation challenges in modern AI systems."
324,Rag Pipelines For Enterprise Knowledge Systems Study 24,RAG,"This document discusses RAG pipelines for enterprise knowledge systems. It focuses on rag and explains core methods, system design ideas, mathematical intuition, evaluation strategies, and practical implementation challenges in modern AI systems."
325,Rag Pipelines For Enterprise Knowledge Systems Study 25,RAG,"This document discusses RAG pipelines for enterprise knowledge systems. It focuses on rag and explains core methods, system design ideas, mathematical intuition, evaluation strategies, and practical implementation challenges in modern AI systems."
326,Chunking Strategies For Retrieval Augmented Generation Study 1,RAG,"This document discusses Chunking strategies for retrieval augmented generation. It focuses on rag and explains core methods, system design ideas, mathematical intuition, evaluation strategies, and practical implementation challenges in modern AI systems."
327,Chunking Strategies For Retrieval Augmented Generation Study 2,RAG,"This document discusses Chunking strategies for retrieval augmented generation. It focuses on rag and explains core methods, system design ideas, mathematical intuition, evaluation strategies, and practical implementation challenges in modern AI systems."
328,Chunking Strategies For Retrieval Augmented Generation Study 3,RAG,"This document discusses Chunking strategies for retrieval augmented generation. It focuses on rag and explains core methods, system design ideas, mathematical intuition, evaluation strategies, and practical implementation challenges in modern AI systems."
329,Chunking Strategies For Retrieval Augmented Generation Study 4,RAG,"This document discusses Chunking strategies for retrieval augmented generation. It focuses on rag and explains core methods, system design ideas, mathematical intuition, evaluation strategies, and practical implementation challenges in modern AI systems."
330,Chunking Strategies For Retrieval Augmented Generation Study 5,RAG,"This document discusses Chunking strategies for retrieval augmented generation. It focuses on rag and explains core methods, system design ideas, mathematical intuition, evaluation strategies, and practical implementation challenges in modern AI systems."
331,Chunking Strategies For Retrieval Augmented Generation Study 6,RAG,"This document discusses Chunking strategies for retrieval augmented generation. It focuses on rag and explains core methods, system design ideas, mathematical intuition, evaluation strategies, and practical implementation challenges in modern AI systems."
332,Chunking Strategies For Retrieval Augmented Generation Study 7,RAG,"This document discusses Chunking strategies for retrieval augmented generation. It focuses on rag and explains core methods, system design ideas, mathematical intuition, evaluation strategies, and practical implementation challenges in modern AI systems."
333,Chunking Strategies For Retrieval Augmented Generation Study 8,RAG,"This document discusses Chunking strategies for retrieval augmented generation. It focuses on rag and explains core methods, system design ideas, mathematical intuition, evaluation strategies, and practical implementation challenges in modern AI systems."
334,Chunking Strategies For Retrieval Augmented Generation Study 9,RAG,"This document discusses Chunking strategies for retrieval augmented generation. It focuses on rag and explains core methods, system design ideas, mathematical intuition, evaluation strategies, and practical implementation challenges in modern AI systems."
335,Chunking Strategies For Retrieval Augmented Generation Study 10,RAG,"This document discusses Chunking strategies for retrieval augmented generation. It focuses on rag and explains core methods, system design ideas, mathematical intuition, evaluation strategies, and practical implementation challenges in modern AI systems."
336,Chunking Strategies For Retrieval Augmented Generation Study 11,RAG,"This document discusses Chunking strategies for retrieval augmented generation. It focuses on rag and explains core methods, system design ideas, mathematical intuition, evaluation strategies, and practical implementation challenges in modern AI systems."
337,Chunking Strategies For Retrieval Augmented Generation Study 12,RAG,"This document discusses Chunking strategies for retrieval augmented generation. It focuses on rag and explains core methods, system design ideas, mathematical intuition, evaluation strategies, and practical implementation challenges in modern AI systems."
338,Chunking Strategies For Retrieval Augmented Generation Study 13,RAG,"This document discusses Chunking strategies for retrieval augmented generation. It focuses on rag and explains core methods, system design ideas, mathematical intuition, evaluation strategies, and practical implementation challenges in modern AI systems."
339,Chunking Strategies For Retrieval Augmented Generation Study 14,RAG,"This document discusses Chunking strategies for retrieval augmented generation. It focuses on rag and explains core methods, system design ideas, mathematical intuition, evaluation strategies, and practical implementation challenges in modern AI systems."
340,Chunking Strategies For Retrieval Augmented Generation Study 15,RAG,"This document discusses Chunking strategies for retrieval augmented generation. It focuses on rag and explains core methods, system design ideas, mathematical intuition, evaluation strategies, and practical implementation challenges in modern AI systems."
341,Chunking Strategies For Retrieval Augmented Generation Study 16,RAG,"This document discusses Chunking strategies for retrieval augmented generation. It focuses on rag and explains core methods, system design ideas, mathematical intuition, evaluation strategies, and practical implementation challenges in modern AI systems."
342,Chunking Strategies For Retrieval Augmented Generation Study 17,RAG,"This document discusses Chunking strategies for retrieval augmented generation. It focuses on rag and explains core methods, system design ideas, mathematical intuition, evaluation strategies, and practical implementation challenges in modern AI systems."
343,Chunking Strategies For Retrieval Augmented Generation Study 18,RAG,"This document discusses Chunking strategies for retrieval augmented generation. It focuses on rag and explains core methods, system design ideas, mathematical intuition, evaluation strategies, and practical implementation challenges in modern AI systems."
344,Chunking Strategies For Retrieval Augmented Generation Study 19,RAG,"This document discusses Chunking strategies for retrieval augmented generation. It focuses on rag and explains core methods, system design ideas, mathematical intuition, evaluation strategies, and practical implementation challenges in modern AI systems."
345,Chunking Strategies For Retrieval Augmented Generation Study 20,RAG,"This document discusses Chunking strategies for retrieval augmented generation. It focuses on rag and explains core methods, system design ideas, mathematical intuition, evaluation strategies, and practical implementation challenges in modern AI systems."
346,Chunking Strategies For Retrieval Augmented Generation Study 21,RAG,"This document discusses Chunking strategies for retrieval augmented generation. It focuses on rag and explains core methods, system design ideas, mathematical intuition, evaluation strategies, and practical implementation challenges in modern AI systems."
347,Chunking Strategies For Retrieval Augmented Generation Study 22,RAG,"This document discusses Chunking strategies for retrieval augmented generation. It focuses on rag and explains core methods, system design ideas, mathematical intuition, evaluation strategies, and practical implementation challenges in modern AI systems."
348,Chunking Strategies For Retrieval Augmented Generation Study 23,RAG,"This document discusses Chunking strategies for retrieval augmented generation. It focuses on rag and explains core methods, system design ideas, mathematical intuition, evaluation strategies, and practical implementation challenges in modern AI systems."
349,Chunking Strategies For Retrieval Augmented Generation Study 24,RAG,"This document discusses Chunking strategies for retrieval augmented generation. It focuses on rag and explains core methods, system design ideas, mathematical intuition, evaluation strategies, and practical implementation challenges in modern AI systems."
350,Chunking Strategies For Retrieval Augmented Generation Study 25,RAG,"This document discusses Chunking strategies for retrieval augmented generation. It focuses on rag and explains core methods, system design ideas, mathematical intuition, evaluation strategies, and practical implementation challenges in modern AI systems."
351,Evaluating Retrieval Quality In Rag Systems Study 1,RAG,"This document discusses Evaluating retrieval quality in RAG systems. It focuses on rag and explains core methods, system design ideas, mathematical intuition, evaluation strategies, and practical implementation challenges in modern AI systems."
352,Evaluating Retrieval Quality In Rag Systems Study 2,RAG,"This document discusses Evaluating retrieval quality in RAG systems. It focuses on rag and explains core methods, system design ideas, mathematical intuition, evaluation strategies, and practical implementation challenges in modern AI systems."
353,Evaluating Retrieval Quality In Rag Systems Study 3,RAG,"This document discusses Evaluating retrieval quality in RAG systems. It focuses on rag and explains core methods, system design ideas, mathematical intuition, evaluation strategies, and practical implementation challenges in modern AI systems."
354,Evaluating Retrieval Quality In Rag Systems Study 4,RAG,"This document discusses Evaluating retrieval quality in RAG systems. It focuses on rag and explains core methods, system design ideas, mathematical intuition, evaluation strategies, and practical implementation challenges in modern AI systems."
355,Evaluating Retrieval Quality In Rag Systems Study 5,RAG,"This document discusses Evaluating retrieval quality in RAG systems. It focuses on rag and explains core methods, system design ideas, mathematical intuition, evaluation strategies, and practical implementation challenges in modern AI systems."
356,Evaluating Retrieval Quality In Rag Systems Study 6,RAG,"This document discusses Evaluating retrieval quality in RAG systems. It focuses on rag and explains core methods, system design ideas, mathematical intuition, evaluation strategies, and practical implementation challenges in modern AI systems."
357,Evaluating Retrieval Quality In Rag Systems Study 7,RAG,"This document discusses Evaluating retrieval quality in RAG systems. It focuses on rag and explains core methods, system design ideas, mathematical intuition, evaluation strategies, and practical implementation challenges in modern AI systems."
358,Evaluating Retrieval Quality In Rag Systems Study 8,RAG,"This document discusses Evaluating retrieval quality in RAG systems. It focuses on rag and explains core methods, system design ideas, mathematical intuition, evaluation strategies, and practical implementation challenges in modern AI systems."
359,Evaluating Retrieval Quality In Rag Systems Study 9,RAG,"This document discusses Evaluating retrieval quality in RAG systems. It focuses on rag and explains core methods, system design ideas, mathematical intuition, evaluation strategies, and practical implementation challenges in modern AI systems."
360,Evaluating Retrieval Quality In Rag Systems Study 10,RAG,"This document discusses Evaluating retrieval quality in RAG systems. It focuses on rag and explains core methods, system design ideas, mathematical intuition, evaluation strategies, and practical implementation challenges in modern AI systems."
361,Evaluating Retrieval Quality In Rag Systems Study 11,RAG,"This document discusses Evaluating retrieval quality in RAG systems. It focuses on rag and explains core methods, system design ideas, mathematical intuition, evaluation strategies, and practical implementation challenges in modern AI systems."
362,Evaluating Retrieval Quality In Rag Systems Study 12,RAG,"This document discusses Evaluating retrieval quality in RAG systems. It focuses on rag and explains core methods, system design ideas, mathematical intuition, evaluation strategies, and practical implementation challenges in modern AI systems."
363,Evaluating Retrieval Quality In Rag Systems Study 13,RAG,"This document discusses Evaluating retrieval quality in RAG systems. It focuses on rag and explains core methods, system design ideas, mathematical intuition, evaluation strategies, and practical implementation challenges in modern AI systems."
364,Evaluating Retrieval Quality In Rag Systems Study 14,RAG,"This document discusses Evaluating retrieval quality in RAG systems. It focuses on rag and explains core methods, system design ideas, mathematical intuition, evaluation strategies, and practical implementation challenges in modern AI systems."
365,Evaluating Retrieval Quality In Rag Systems Study 15,RAG,"This document discusses Evaluating retrieval quality in RAG systems. It focuses on rag and explains core methods, system design ideas, mathematical intuition, evaluation strategies, and practical implementation challenges in modern AI systems."
366,Evaluating Retrieval Quality In Rag Systems Study 16,RAG,"This document discusses Evaluating retrieval quality in RAG systems. It focuses on rag and explains core methods, system design ideas, mathematical intuition, evaluation strategies, and practical implementation challenges in modern AI systems."
367,Evaluating Retrieval Quality In Rag Systems Study 17,RAG,"This document discusses Evaluating retrieval quality in RAG systems. It focuses on rag and explains core methods, system design ideas, mathematical intuition, evaluation strategies, and practical implementation challenges in modern AI systems."
368,Evaluating Retrieval Quality In Rag Systems Study 18,RAG,"This document discusses Evaluating retrieval quality in RAG systems. It focuses on rag and explains core methods, system design ideas, mathematical intuition, evaluation strategies, and practical implementation challenges in modern AI systems."
369,Evaluating Retrieval Quality In Rag Systems Study 19,RAG,"This document discusses Evaluating retrieval quality in RAG systems. It focuses on rag and explains core methods, system design ideas, mathematical intuition, evaluation strategies, and practical implementation challenges in modern AI systems."
370,Evaluating Retrieval Quality In Rag Systems Study 20,RAG,"This document discusses Evaluating retrieval quality in RAG systems. It focuses on rag and explains core methods, system design ideas, mathematical intuition, evaluation strategies, and practical implementation challenges in modern AI systems."
371,Evaluating Retrieval Quality In Rag Systems Study 21,RAG,"This document discusses Evaluating retrieval quality in RAG systems. It focuses on rag and explains core methods, system design ideas, mathematical intuition, evaluation strategies, and practical implementation challenges in modern AI systems."
372,Evaluating Retrieval Quality In Rag Systems Study 22,RAG,"This document discusses Evaluating retrieval quality in RAG systems. It focuses on rag and explains core methods, system design ideas, mathematical intuition, evaluation strategies, and practical implementation challenges in modern AI systems."
373,Evaluating Retrieval Quality In Rag Systems Study 23,RAG,"This document discusses Evaluating retrieval quality in RAG systems. It focuses on rag and explains core methods, system design ideas, mathematical intuition, evaluation strategies, and practical implementation challenges in modern AI systems."
374,Evaluating Retrieval Quality In Rag Systems Study 24,RAG,"This document discusses Evaluating retrieval quality in RAG systems. It focuses on rag and explains core methods, system design ideas, mathematical intuition, evaluation strategies, and practical implementation challenges in modern AI systems."
375,Evaluating Retrieval Quality In Rag Systems Study 25,RAG,"This document discusses Evaluating retrieval quality in RAG systems. It focuses on rag and explains core methods, system design ideas, mathematical intuition, evaluation strategies, and practical implementation challenges in modern AI systems."
376,Transformer Models For Natural Language Processing Study 1,NLP,"This document discusses Transformer models for natural language processing. It focuses on nlp and explains core methods, system design ideas, mathematical intuition, evaluation strategies, and practical implementation challenges in modern AI systems."
377,Transformer Models For Natural Language Processing Study 2,NLP,"This document discusses Transformer models for natural language processing. It focuses on nlp and explains core methods, system design ideas, mathematical intuition, evaluation strategies, and practical implementation challenges in modern AI systems."
378,Transformer Models For Natural Language Processing Study 3,NLP,"This document discusses Transformer models for natural language processing. It focuses on nlp and explains core methods, system design ideas, mathematical intuition, evaluation strategies, and practical implementation challenges in modern AI systems."
379,Transformer Models For Natural Language Processing Study 4,NLP,"This document discusses Transformer models for natural language processing. It focuses on nlp and explains core methods, system design ideas, mathematical intuition, evaluation strategies, and practical implementation challenges in modern AI systems."
380,Transformer Models For Natural Language Processing Study 5,NLP,"This document discusses Transformer models for natural language processing. It focuses on nlp and explains core methods, system design ideas, mathematical intuition, evaluation strategies, and practical implementation challenges in modern AI systems."
381,Transformer Models For Natural Language Processing Study 6,NLP,"This document discusses Transformer models for natural language processing. It focuses on nlp and explains core methods, system design ideas, mathematical intuition, evaluation strategies, and practical implementation challenges in modern AI systems."
382,Transformer Models For Natural Language Processing Study 7,NLP,"This document discusses Transformer models for natural language processing. It focuses on nlp and explains core methods, system design ideas, mathematical intuition, evaluation strategies, and practical implementation challenges in modern AI systems."
383,Transformer Models For Natural Language Processing Study 8,NLP,"This document discusses Transformer models for natural language processing. It focuses on nlp and explains core methods, system design ideas, mathematical intuition, evaluation strategies, and practical implementation challenges in modern AI systems."
384,Transformer Models For Natural Language Processing Study 9,NLP,"This document discusses Transformer models for natural language processing. It focuses on nlp and explains core methods, system design ideas, mathematical intuition, evaluation strategies, and practical implementation challenges in modern AI systems."
385,Transformer Models For Natural Language Processing Study 10,NLP,"This document discusses Transformer models for natural language processing. It focuses on nlp and explains core methods, system design ideas, mathematical intuition, evaluation strategies, and practical implementation challenges in modern AI systems."
386,Transformer Models For Natural Language Processing Study 11,NLP,"This document discusses Transformer models for natural language processing. It focuses on nlp and explains core methods, system design ideas, mathematical intuition, evaluation strategies, and practical implementation challenges in modern AI systems."
387,Transformer Models For Natural Language Processing Study 12,NLP,"This document discusses Transformer models for natural language processing. It focuses on nlp and explains core methods, system design ideas, mathematical intuition, evaluation strategies, and practical implementation challenges in modern AI systems."
388,Transformer Models For Natural Language Processing Study 13,NLP,"This document discusses Transformer models for natural language processing. It focuses on nlp and explains core methods, system design ideas, mathematical intuition, evaluation strategies, and practical implementation challenges in modern AI systems."
389,Transformer Models For Natural Language Processing Study 14,NLP,"This document discusses Transformer models for natural language processing. It focuses on nlp and explains core methods, system design ideas, mathematical intuition, evaluation strategies, and practical implementation challenges in modern AI systems."
390,Transformer Models For Natural Language Processing Study 15,NLP,"This document discusses Transformer models for natural language processing. It focuses on nlp and explains core methods, system design ideas, mathematical intuition, evaluation strategies, and practical implementation challenges in modern AI systems."
391,Transformer Models For Natural Language Processing Study 16,NLP,"This document discusses Transformer models for natural language processing. It focuses on nlp and explains core methods, system design ideas, mathematical intuition, evaluation strategies, and practical implementation challenges in modern AI systems."
392,Transformer Models For Natural Language Processing Study 17,NLP,"This document discusses Transformer models for natural language processing. It focuses on nlp and explains core methods, system design ideas, mathematical intuition, evaluation strategies, and practical implementation challenges in modern AI systems."
393,Transformer Models For Natural Language Processing Study 18,NLP,"This document discusses Transformer models for natural language processing. It focuses on nlp and explains core methods, system design ideas, mathematical intuition, evaluation strategies, and practical implementation challenges in modern AI systems."
394,Transformer Models For Natural Language Processing Study 19,NLP,"This document discusses Transformer models for natural language processing. It focuses on nlp and explains core methods, system design ideas, mathematical intuition, evaluation strategies, and practical implementation challenges in modern AI systems."
395,Transformer Models For Natural Language Processing Study 20,NLP,"This document discusses Transformer models for natural language processing. It focuses on nlp and explains core methods, system design ideas, mathematical intuition, evaluation strategies, and practical implementation challenges in modern AI systems."
396,Transformer Models For Natural Language Processing Study 21,NLP,"This document discusses Transformer models for natural language processing. It focuses on nlp and explains core methods, system design ideas, mathematical intuition, evaluation strategies, and practical implementation challenges in modern AI systems."
397,Transformer Models For Natural Language Processing Study 22,NLP,"This document discusses Transformer models for natural language processing. It focuses on nlp and explains core methods, system design ideas, mathematical intuition, evaluation strategies, and practical implementation challenges in modern AI systems."
398,Transformer Models For Natural Language Processing Study 23,NLP,"This document discusses Transformer models for natural language processing. It focuses on nlp and explains core methods, system design ideas, mathematical intuition, evaluation strategies, and practical implementation challenges in modern AI systems."
399,Transformer Models For Natural Language Processing Study 24,NLP,"This document discusses Transformer models for natural language processing. It focuses on nlp and explains core methods, system design ideas, mathematical intuition, evaluation strategies, and practical implementation challenges in modern AI systems."
400,Transformer Models For Natural Language Processing Study 25,NLP,"This document discusses Transformer models for natural language processing. It focuses on nlp and explains core methods, system design ideas, mathematical intuition, evaluation strategies, and practical implementation challenges in modern AI systems."
401,Sentence Embeddings For Semantic Similarity Study 1,NLP,"This document discusses Sentence embeddings for semantic similarity. It focuses on nlp and explains core methods, system design ideas, mathematical intuition, evaluation strategies, and practical implementation challenges in modern AI systems."
402,Sentence Embeddings For Semantic Similarity Study 2,NLP,"This document discusses Sentence embeddings for semantic similarity. It focuses on nlp and explains core methods, system design ideas, mathematical intuition, evaluation strategies, and practical implementation challenges in modern AI systems."
403,Sentence Embeddings For Semantic Similarity Study 3,NLP,"This document discusses Sentence embeddings for semantic similarity. It focuses on nlp and explains core methods, system design ideas, mathematical intuition, evaluation strategies, and practical implementation challenges in modern AI systems."
404,Sentence Embeddings For Semantic Similarity Study 4,NLP,"This document discusses Sentence embeddings for semantic similarity. It focuses on nlp and explains core methods, system design ideas, mathematical intuition, evaluation strategies, and practical implementation challenges in modern AI systems."
405,Sentence Embeddings For Semantic Similarity Study 5,NLP,"This document discusses Sentence embeddings for semantic similarity. It focuses on nlp and explains core methods, system design ideas, mathematical intuition, evaluation strategies, and practical implementation challenges in modern AI systems."
406,Sentence Embeddings For Semantic Similarity Study 6,NLP,"This document discusses Sentence embeddings for semantic similarity. It focuses on nlp and explains core methods, system design ideas, mathematical intuition, evaluation strategies, and practical implementation challenges in modern AI systems."
407,Sentence Embeddings For Semantic Similarity Study 7,NLP,"This document discusses Sentence embeddings for semantic similarity. It focuses on nlp and explains core methods, system design ideas, mathematical intuition, evaluation strategies, and practical implementation challenges in modern AI systems."
408,Sentence Embeddings For Semantic Similarity Study 8,NLP,"This document discusses Sentence embeddings for semantic similarity. It focuses on nlp and explains core methods, system design ideas, mathematical intuition, evaluation strategies, and practical implementation challenges in modern AI systems."
409,Sentence Embeddings For Semantic Similarity Study 9,NLP,"This document discusses Sentence embeddings for semantic similarity. It focuses on nlp and explains core methods, system design ideas, mathematical intuition, evaluation strategies, and practical implementation challenges in modern AI systems."
410,Sentence Embeddings For Semantic Similarity Study 10,NLP,"This document discusses Sentence embeddings for semantic similarity. It focuses on nlp and explains core methods, system design ideas, mathematical intuition, evaluation strategies, and practical implementation challenges in modern AI systems."
411,Sentence Embeddings For Semantic Similarity Study 11,NLP,"This document discusses Sentence embeddings for semantic similarity. It focuses on nlp and explains core methods, system design ideas, mathematical intuition, evaluation strategies, and practical implementation challenges in modern AI systems."
412,Sentence Embeddings For Semantic Similarity Study 12,NLP,"This document discusses Sentence embeddings for semantic similarity. It focuses on nlp and explains core methods, system design ideas, mathematical intuition, evaluation strategies, and practical implementation challenges in modern AI systems."
413,Sentence Embeddings For Semantic Similarity Study 13,NLP,"This document discusses Sentence embeddings for semantic similarity. It focuses on nlp and explains core methods, system design ideas, mathematical intuition, evaluation strategies, and practical implementation challenges in modern AI systems."
414,Sentence Embeddings For Semantic Similarity Study 14,NLP,"This document discusses Sentence embeddings for semantic similarity. It focuses on nlp and explains core methods, system design ideas, mathematical intuition, evaluation strategies, and practical implementation challenges in modern AI systems."
415,Sentence Embeddings For Semantic Similarity Study 15,NLP,"This document discusses Sentence embeddings for semantic similarity. It focuses on nlp and explains core methods, system design ideas, mathematical intuition, evaluation strategies, and practical implementation challenges in modern AI systems."
416,Sentence Embeddings For Semantic Similarity Study 16,NLP,"This document discusses Sentence embeddings for semantic similarity. It focuses on nlp and explains core methods, system design ideas, mathematical intuition, evaluation strategies, and practical implementation challenges in modern AI systems."
417,Sentence Embeddings For Semantic Similarity Study 17,NLP,"This document discusses Sentence embeddings for semantic similarity. It focuses on nlp and explains core methods, system design ideas, mathematical intuition, evaluation strategies, and practical implementation challenges in modern AI systems."
418,Sentence Embeddings For Semantic Similarity Study 18,NLP,"This document discusses Sentence embeddings for semantic similarity. It focuses on nlp and explains core methods, system design ideas, mathematical intuition, evaluation strategies, and practical implementation challenges in modern AI systems."
419,Sentence Embeddings For Semantic Similarity Study 19,NLP,"This document discusses Sentence embeddings for semantic similarity. It focuses on nlp and explains core methods, system design ideas, mathematical intuition, evaluation strategies, and practical implementation challenges in modern AI systems."
420,Sentence Embeddings For Semantic Similarity Study 20,NLP,"This document discusses Sentence embeddings for semantic similarity. It focuses on nlp and explains core methods, system design ideas, mathematical intuition, evaluation strategies, and practical implementation challenges in modern AI systems."
421,Sentence Embeddings For Semantic Similarity Study 21,NLP,"This document discusses Sentence embeddings for semantic similarity. It focuses on nlp and explains core methods, system design ideas, mathematical intuition, evaluation strategies, and practical implementation challenges in modern AI systems."
422,Sentence Embeddings For Semantic Similarity Study 22,NLP,"This document discusses Sentence embeddings for semantic similarity. It focuses on nlp and explains core methods, system design ideas, mathematical intuition, evaluation strategies, and practical implementation challenges in modern AI systems."
423,Sentence Embeddings For Semantic Similarity Study 23,NLP,"This document discusses Sentence embeddings for semantic similarity. It focuses on nlp and explains core methods, system design ideas, mathematical intuition, evaluation strategies, and practical implementation challenges in modern AI systems."
424,Sentence Embeddings For Semantic Similarity Study 24,NLP,"This document discusses Sentence embeddings for semantic similarity. It focuses on nlp and explains core methods, system design ideas, mathematical intuition, evaluation strategies, and practical implementation challenges in modern AI systems."
425,Sentence Embeddings For Semantic Similarity Study 25,NLP,"This document discusses Sentence embeddings for semantic similarity. It focuses on nlp and explains core methods, system design ideas, mathematical intuition, evaluation strategies, and practical implementation challenges in modern AI systems."
426,Text Classification Using Deep Learning Study 1,NLP,"This document discusses Text classification using deep learning. It focuses on nlp and explains core methods, system design ideas, mathematical intuition, evaluation strategies, and practical implementation challenges in modern AI systems."
427,Text Classification Using Deep Learning Study 2,NLP,"This document discusses Text classification using deep learning. It focuses on nlp and explains core methods, system design ideas, mathematical intuition, evaluation strategies, and practical implementation challenges in modern AI systems."
428,Text Classification Using Deep Learning Study 3,NLP,"This document discusses Text classification using deep learning. It focuses on nlp and explains core methods, system design ideas, mathematical intuition, evaluation strategies, and practical implementation challenges in modern AI systems."
429,Text Classification Using Deep Learning Study 4,NLP,"This document discusses Text classification using deep learning. It focuses on nlp and explains core methods, system design ideas, mathematical intuition, evaluation strategies, and practical implementation challenges in modern AI systems."
430,Text Classification Using Deep Learning Study 5,NLP,"This document discusses Text classification using deep learning. It focuses on nlp and explains core methods, system design ideas, mathematical intuition, evaluation strategies, and practical implementation challenges in modern AI systems."
431,Text Classification Using Deep Learning Study 6,NLP,"This document discusses Text classification using deep learning. It focuses on nlp and explains core methods, system design ideas, mathematical intuition, evaluation strategies, and practical implementation challenges in modern AI systems."
432,Text Classification Using Deep Learning Study 7,NLP,"This document discusses Text classification using deep learning. It focuses on nlp and explains core methods, system design ideas, mathematical intuition, evaluation strategies, and practical implementation challenges in modern AI systems."
433,Text Classification Using Deep Learning Study 8,NLP,"This document discusses Text classification using deep learning. It focuses on nlp and explains core methods, system design ideas, mathematical intuition, evaluation strategies, and practical implementation challenges in modern AI systems."
434,Text Classification Using Deep Learning Study 9,NLP,"This document discusses Text classification using deep learning. It focuses on nlp and explains core methods, system design ideas, mathematical intuition, evaluation strategies, and practical implementation challenges in modern AI systems."
435,Text Classification Using Deep Learning Study 10,NLP,"This document discusses Text classification using deep learning. It focuses on nlp and explains core methods, system design ideas, mathematical intuition, evaluation strategies, and practical implementation challenges in modern AI systems."
436,Text Classification Using Deep Learning Study 11,NLP,"This document discusses Text classification using deep learning. It focuses on nlp and explains core methods, system design ideas, mathematical intuition, evaluation strategies, and practical implementation challenges in modern AI systems."
437,Text Classification Using Deep Learning Study 12,NLP,"This document discusses Text classification using deep learning. It focuses on nlp and explains core methods, system design ideas, mathematical intuition, evaluation strategies, and practical implementation challenges in modern AI systems."
438,Text Classification Using Deep Learning Study 13,NLP,"This document discusses Text classification using deep learning. It focuses on nlp and explains core methods, system design ideas, mathematical intuition, evaluation strategies, and practical implementation challenges in modern AI systems."
439,Text Classification Using Deep Learning Study 14,NLP,"This document discusses Text classification using deep learning. It focuses on nlp and explains core methods, system design ideas, mathematical intuition, evaluation strategies, and practical implementation challenges in modern AI systems."
440,Text Classification Using Deep Learning Study 15,NLP,"This document discusses Text classification using deep learning. It focuses on nlp and explains core methods, system design ideas, mathematical intuition, evaluation strategies, and practical implementation challenges in modern AI systems."
441,Text Classification Using Deep Learning Study 16,NLP,"This document discusses Text classification using deep learning. It focuses on nlp and explains core methods, system design ideas, mathematical intuition, evaluation strategies, and practical implementation challenges in modern AI systems."
442,Text Classification Using Deep Learning Study 17,NLP,"This document discusses Text classification using deep learning. It focuses on nlp and explains core methods, system design ideas, mathematical intuition, evaluation strategies, and practical implementation challenges in modern AI systems."
443,Text Classification Using Deep Learning Study 18,NLP,"This document discusses Text classification using deep learning. It focuses on nlp and explains core methods, system design ideas, mathematical intuition, evaluation strategies, and practical implementation challenges in modern AI systems."
444,Text Classification Using Deep Learning Study 19,NLP,"This document discusses Text classification using deep learning. It focuses on nlp and explains core methods, system design ideas, mathematical intuition, evaluation strategies, and practical implementation challenges in modern AI systems."
445,Text Classification Using Deep Learning Study 20,NLP,"This document discusses Text classification using deep learning. It focuses on nlp and explains core methods, system design ideas, mathematical intuition, evaluation strategies, and practical implementation challenges in modern AI systems."
446,Text Classification Using Deep Learning Study 21,NLP,"This document discusses Text classification using deep learning. It focuses on nlp and explains core methods, system design ideas, mathematical intuition, evaluation strategies, and practical implementation challenges in modern AI systems."
447,Text Classification Using Deep Learning Study 22,NLP,"This document discusses Text classification using deep learning. It focuses on nlp and explains core methods, system design ideas, mathematical intuition, evaluation strategies, and practical implementation challenges in modern AI systems."
448,Text Classification Using Deep Learning Study 23,NLP,"This document discusses Text classification using deep learning. It focuses on nlp and explains core methods, system design ideas, mathematical intuition, evaluation strategies, and practical implementation challenges in modern AI systems."
449,Text Classification Using Deep Learning Study 24,NLP,"This document discusses Text classification using deep learning. It focuses on nlp and explains core methods, system design ideas, mathematical intuition, evaluation strategies, and practical implementation challenges in modern AI systems."
450,Text Classification Using Deep Learning Study 25,NLP,"This document discusses Text classification using deep learning. It focuses on nlp and explains core methods, system design ideas, mathematical intuition, evaluation strategies, and practical implementation challenges in modern AI systems."
451,Named Entity Recognition With Contextual Embeddings Study 1,NLP,"This document discusses Named entity recognition with contextual embeddings. It focuses on nlp and explains core methods, system design ideas, mathematical intuition, evaluation strategies, and practical implementation challenges in modern AI systems."
452,Named Entity Recognition With Contextual Embeddings Study 2,NLP,"This document discusses Named entity recognition with contextual embeddings. It focuses on nlp and explains core methods, system design ideas, mathematical intuition, evaluation strategies, and practical implementation challenges in modern AI systems."
453,Named Entity Recognition With Contextual Embeddings Study 3,NLP,"This document discusses Named entity recognition with contextual embeddings. It focuses on nlp and explains core methods, system design ideas, mathematical intuition, evaluation strategies, and practical implementation challenges in modern AI systems."
454,Named Entity Recognition With Contextual Embeddings Study 4,NLP,"This document discusses Named entity recognition with contextual embeddings. It focuses on nlp and explains core methods, system design ideas, mathematical intuition, evaluation strategies, and practical implementation challenges in modern AI systems."
455,Named Entity Recognition With Contextual Embeddings Study 5,NLP,"This document discusses Named entity recognition with contextual embeddings. It focuses on nlp and explains core methods, system design ideas, mathematical intuition, evaluation strategies, and practical implementation challenges in modern AI systems."
456,Named Entity Recognition With Contextual Embeddings Study 6,NLP,"This document discusses Named entity recognition with contextual embeddings. It focuses on nlp and explains core methods, system design ideas, mathematical intuition, evaluation strategies, and practical implementation challenges in modern AI systems."
457,Named Entity Recognition With Contextual Embeddings Study 7,NLP,"This document discusses Named entity recognition with contextual embeddings. It focuses on nlp and explains core methods, system design ideas, mathematical intuition, evaluation strategies, and practical implementation challenges in modern AI systems."
458,Named Entity Recognition With Contextual Embeddings Study 8,NLP,"This document discusses Named entity recognition with contextual embeddings. It focuses on nlp and explains core methods, system design ideas, mathematical intuition, evaluation strategies, and practical implementation challenges in modern AI systems."
459,Named Entity Recognition With Contextual Embeddings Study 9,NLP,"This document discusses Named entity recognition with contextual embeddings. It focuses on nlp and explains core methods, system design ideas, mathematical intuition, evaluation strategies, and practical implementation challenges in modern AI systems."
460,Named Entity Recognition With Contextual Embeddings Study 10,NLP,"This document discusses Named entity recognition with contextual embeddings. It focuses on nlp and explains core methods, system design ideas, mathematical intuition, evaluation strategies, and practical implementation challenges in modern AI systems."
461,Named Entity Recognition With Contextual Embeddings Study 11,NLP,"This document discusses Named entity recognition with contextual embeddings. It focuses on nlp and explains core methods, system design ideas, mathematical intuition, evaluation strategies, and practical implementation challenges in modern AI systems."
462,Named Entity Recognition With Contextual Embeddings Study 12,NLP,"This document discusses Named entity recognition with contextual embeddings. It focuses on nlp and explains core methods, system design ideas, mathematical intuition, evaluation strategies, and practical implementation challenges in modern AI systems."
463,Named Entity Recognition With Contextual Embeddings Study 13,NLP,"This document discusses Named entity recognition with contextual embeddings. It focuses on nlp and explains core methods, system design ideas, mathematical intuition, evaluation strategies, and practical implementation challenges in modern AI systems."
464,Named Entity Recognition With Contextual Embeddings Study 14,NLP,"This document discusses Named entity recognition with contextual embeddings. It focuses on nlp and explains core methods, system design ideas, mathematical intuition, evaluation strategies, and practical implementation challenges in modern AI systems."
465,Named Entity Recognition With Contextual Embeddings Study 15,NLP,"This document discusses Named entity recognition with contextual embeddings. It focuses on nlp and explains core methods, system design ideas, mathematical intuition, evaluation strategies, and practical implementation challenges in modern AI systems."
466,Named Entity Recognition With Contextual Embeddings Study 16,NLP,"This document discusses Named entity recognition with contextual embeddings. It focuses on nlp and explains core methods, system design ideas, mathematical intuition, evaluation strategies, and practical implementation challenges in modern AI systems."
467,Named Entity Recognition With Contextual Embeddings Study 17,NLP,"This document discusses Named entity recognition with contextual embeddings. It focuses on nlp and explains core methods, system design ideas, mathematical intuition, evaluation strategies, and practical implementation challenges in modern AI systems."
468,Named Entity Recognition With Contextual Embeddings Study 18,NLP,"This document discusses Named entity recognition with contextual embeddings. It focuses on nlp and explains core methods, system design ideas, mathematical intuition, evaluation strategies, and practical implementation challenges in modern AI systems."
469,Named Entity Recognition With Contextual Embeddings Study 19,NLP,"This document discusses Named entity recognition with contextual embeddings. It focuses on nlp and explains core methods, system design ideas, mathematical intuition, evaluation strategies, and practical implementation challenges in modern AI systems."
470,Named Entity Recognition With Contextual Embeddings Study 20,NLP,"This document discusses Named entity recognition with contextual embeddings. It focuses on nlp and explains core methods, system design ideas, mathematical intuition, evaluation strategies, and practical implementation challenges in modern AI systems."
471,Named Entity Recognition With Contextual Embeddings Study 21,NLP,"This document discusses Named entity recognition with contextual embeddings. It focuses on nlp and explains core methods, system design ideas, mathematical intuition, evaluation strategies, and practical implementation challenges in modern AI systems."
472,Named Entity Recognition With Contextual Embeddings Study 22,NLP,"This document discusses Named entity recognition with contextual embeddings. It focuses on nlp and explains core methods, system design ideas, mathematical intuition, evaluation strategies, and practical implementation challenges in modern AI systems."
473,Named Entity Recognition With Contextual Embeddings Study 23,NLP,"This document discusses Named entity recognition with contextual embeddings. It focuses on nlp and explains core methods, system design ideas, mathematical intuition, evaluation strategies, and practical implementation challenges in modern AI systems."
474,Named Entity Recognition With Contextual Embeddings Study 24,NLP,"This document discusses Named entity recognition with contextual embeddings. It focuses on nlp and explains core methods, system design ideas, mathematical intuition, evaluation strategies, and practical implementation challenges in modern AI systems."
475,Named Entity Recognition With Contextual Embeddings Study 25,NLP,"This document discusses Named entity recognition with contextual embeddings. It focuses on nlp and explains core methods, system design ideas, mathematical intuition, evaluation strategies, and practical implementation challenges in modern AI systems."
476,Language Model Fine Tuning For Domain Specific Tasks Study 1,NLP,"This document discusses Language model fine tuning for domain specific tasks. It focuses on nlp and explains core methods, system design ideas, mathematical intuition, evaluation strategies, and practical implementation challenges in modern AI systems."
477,Language Model Fine Tuning For Domain Specific Tasks Study 2,NLP,"This document discusses Language model fine tuning for domain specific tasks. It focuses on nlp and explains core methods, system design ideas, mathematical intuition, evaluation strategies, and practical implementation challenges in modern AI systems."
478,Language Model Fine Tuning For Domain Specific Tasks Study 3,NLP,"This document discusses Language model fine tuning for domain specific tasks. It focuses on nlp and explains core methods, system design ideas, mathematical intuition, evaluation strategies, and practical implementation challenges in modern AI systems."
479,Language Model Fine Tuning For Domain Specific Tasks Study 4,NLP,"This document discusses Language model fine tuning for domain specific tasks. It focuses on nlp and explains core methods, system design ideas, mathematical intuition, evaluation strategies, and practical implementation challenges in modern AI systems."
480,Language Model Fine Tuning For Domain Specific Tasks Study 5,NLP,"This document discusses Language model fine tuning for domain specific tasks. It focuses on nlp and explains core methods, system design ideas, mathematical intuition, evaluation strategies, and practical implementation challenges in modern AI systems."
481,Language Model Fine Tuning For Domain Specific Tasks Study 6,NLP,"This document discusses Language model fine tuning for domain specific tasks. It focuses on nlp and explains core methods, system design ideas, mathematical intuition, evaluation strategies, and practical implementation challenges in modern AI systems."
482,Language Model Fine Tuning For Domain Specific Tasks Study 7,NLP,"This document discusses Language model fine tuning for domain specific tasks. It focuses on nlp and explains core methods, system design ideas, mathematical intuition, evaluation strategies, and practical implementation challenges in modern AI systems."
483,Language Model Fine Tuning For Domain Specific Tasks Study 8,NLP,"This document discusses Language model fine tuning for domain specific tasks. It focuses on nlp and explains core methods, system design ideas, mathematical intuition, evaluation strategies, and practical implementation challenges in modern AI systems."
484,Language Model Fine Tuning For Domain Specific Tasks Study 9,NLP,"This document discusses Language model fine tuning for domain specific tasks. It focuses on nlp and explains core methods, system design ideas, mathematical intuition, evaluation strategies, and practical implementation challenges in modern AI systems."
485,Language Model Fine Tuning For Domain Specific Tasks Study 10,NLP,"This document discusses Language model fine tuning for domain specific tasks. It focuses on nlp and explains core methods, system design ideas, mathematical intuition, evaluation strategies, and practical implementation challenges in modern AI systems."
486,Language Model Fine Tuning For Domain Specific Tasks Study 11,NLP,"This document discusses Language model fine tuning for domain specific tasks. It focuses on nlp and explains core methods, system design ideas, mathematical intuition, evaluation strategies, and practical implementation challenges in modern AI systems."
487,Language Model Fine Tuning For Domain Specific Tasks Study 12,NLP,"This document discusses Language model fine tuning for domain specific tasks. It focuses on nlp and explains core methods, system design ideas, mathematical intuition, evaluation strategies, and practical implementation challenges in modern AI systems."
488,Language Model Fine Tuning For Domain Specific Tasks Study 13,NLP,"This document discusses Language model fine tuning for domain specific tasks. It focuses on nlp and explains core methods, system design ideas, mathematical intuition, evaluation strategies, and practical implementation challenges in modern AI systems."
489,Language Model Fine Tuning For Domain Specific Tasks Study 14,NLP,"This document discusses Language model fine tuning for domain specific tasks. It focuses on nlp and explains core methods, system design ideas, mathematical intuition, evaluation strategies, and practical implementation challenges in modern AI systems."
490,Language Model Fine Tuning For Domain Specific Tasks Study 15,NLP,"This document discusses Language model fine tuning for domain specific tasks. It focuses on nlp and explains core methods, system design ideas, mathematical intuition, evaluation strategies, and practical implementation challenges in modern AI systems."
491,Language Model Fine Tuning For Domain Specific Tasks Study 16,NLP,"This document discusses Language model fine tuning for domain specific tasks. It focuses on nlp and explains core methods, system design ideas, mathematical intuition, evaluation strategies, and practical implementation challenges in modern AI systems."
492,Language Model Fine Tuning For Domain Specific Tasks Study 17,NLP,"This document discusses Language model fine tuning for domain specific tasks. It focuses on nlp and explains core methods, system design ideas, mathematical intuition, evaluation strategies, and practical implementation challenges in modern AI systems."
493,Language Model Fine Tuning For Domain Specific Tasks Study 18,NLP,"This document discusses Language model fine tuning for domain specific tasks. It focuses on nlp and explains core methods, system design ideas, mathematical intuition, evaluation strategies, and practical implementation challenges in modern AI systems."
494,Language Model Fine Tuning For Domain Specific Tasks Study 19,NLP,"This document discusses Language model fine tuning for domain specific tasks. It focuses on nlp and explains core methods, system design ideas, mathematical intuition, evaluation strategies, and practical implementation challenges in modern AI systems."
495,Language Model Fine Tuning For Domain Specific Tasks Study 20,NLP,"This document discusses Language model fine tuning for domain specific tasks. It focuses on nlp and explains core methods, system design ideas, mathematical intuition, evaluation strategies, and practical implementation challenges in modern AI systems."
496,Language Model Fine Tuning For Domain Specific Tasks Study 21,NLP,"This document discusses Language model fine tuning for domain specific tasks. It focuses on nlp and explains core methods, system design ideas, mathematical intuition, evaluation strategies, and practical implementation challenges in modern AI systems."
497,Language Model Fine Tuning For Domain Specific Tasks Study 22,NLP,"This document discusses Language model fine tuning for domain specific tasks. It focuses on nlp and explains core methods, system design ideas, mathematical intuition, evaluation strategies, and practical implementation challenges in modern AI systems."
498,Language Model Fine Tuning For Domain Specific Tasks Study 23,NLP,"This document discusses Language model fine tuning for domain specific tasks. It focuses on nlp and explains core methods, system design ideas, mathematical intuition, evaluation strategies, and practical implementation challenges in modern AI systems."
499,Language Model Fine Tuning For Domain Specific Tasks Study 24,NLP,"This document discusses Language model fine tuning for domain specific tasks. It focuses on nlp and explains core methods, system design ideas, mathematical intuition, evaluation strategies, and practical implementation challenges in modern AI systems."
500,Language Model Fine Tuning For Domain Specific Tasks Study 25,NLP,"This document discusses Language model fine tuning for domain specific tasks. It focuses on nlp and explains core methods, system design ideas, mathematical intuition, evaluation strategies, and practical implementation challenges in modern AI systems."
501,Explainable Ai For Recommendation Engines Study 1,Explainability,"This document discusses Explainable AI for recommendation engines. It focuses on explainability and explains core methods, system design ideas, mathematical intuition, evaluation strategies, and practical implementation challenges in modern AI systems."
502,Explainable Ai For Recommendation Engines Study 2,Explainability,"This document discusses Explainable AI for recommendation engines. It focuses on explainability and explains core methods, system design ideas, mathematical intuition, evaluation strategies, and practical implementation challenges in modern AI systems."
503,Explainable Ai For Recommendation Engines Study 3,Explainability,"This document discusses Explainable AI for recommendation engines. It focuses on explainability and explains core methods, system design ideas, mathematical intuition, evaluation strategies, and practical implementation challenges in modern AI systems."
504,Explainable Ai For Recommendation Engines Study 4,Explainability,"This document discusses Explainable AI for recommendation engines. It focuses on explainability and explains core methods, system design ideas, mathematical intuition, evaluation strategies, and practical implementation challenges in modern AI systems."
505,Explainable Ai For Recommendation Engines Study 5,Explainability,"This document discusses Explainable AI for recommendation engines. It focuses on explainability and explains core methods, system design ideas, mathematical intuition, evaluation strategies, and practical implementation challenges in modern AI systems."
506,Explainable Ai For Recommendation Engines Study 6,Explainability,"This document discusses Explainable AI for recommendation engines. It focuses on explainability and explains core methods, system design ideas, mathematical intuition, evaluation strategies, and practical implementation challenges in modern AI systems."
507,Explainable Ai For Recommendation Engines Study 7,Explainability,"This document discusses Explainable AI for recommendation engines. It focuses on explainability and explains core methods, system design ideas, mathematical intuition, evaluation strategies, and practical implementation challenges in modern AI systems."
508,Explainable Ai For Recommendation Engines Study 8,Explainability,"This document discusses Explainable AI for recommendation engines. It focuses on explainability and explains core methods, system design ideas, mathematical intuition, evaluation strategies, and practical implementation challenges in modern AI systems."
509,Explainable Ai For Recommendation Engines Study 9,Explainability,"This document discusses Explainable AI for recommendation engines. It focuses on explainability and explains core methods, system design ideas, mathematical intuition, evaluation strategies, and practical implementation challenges in modern AI systems."
510,Explainable Ai For Recommendation Engines Study 10,Explainability,"This document discusses Explainable AI for recommendation engines. It focuses on explainability and explains core methods, system design ideas, mathematical intuition, evaluation strategies, and practical implementation challenges in modern AI systems."
511,Explainable Ai For Recommendation Engines Study 11,Explainability,"This document discusses Explainable AI for recommendation engines. It focuses on explainability and explains core methods, system design ideas, mathematical intuition, evaluation strategies, and practical implementation challenges in modern AI systems."
512,Explainable Ai For Recommendation Engines Study 12,Explainability,"This document discusses Explainable AI for recommendation engines. It focuses on explainability and explains core methods, system design ideas, mathematical intuition, evaluation strategies, and practical implementation challenges in modern AI systems."
513,Explainable Ai For Recommendation Engines Study 13,Explainability,"This document discusses Explainable AI for recommendation engines. It focuses on explainability and explains core methods, system design ideas, mathematical intuition, evaluation strategies, and practical implementation challenges in modern AI systems."
514,Explainable Ai For Recommendation Engines Study 14,Explainability,"This document discusses Explainable AI for recommendation engines. It focuses on explainability and explains core methods, system design ideas, mathematical intuition, evaluation strategies, and practical implementation challenges in modern AI systems."
515,Explainable Ai For Recommendation Engines Study 15,Explainability,"This document discusses Explainable AI for recommendation engines. It focuses on explainability and explains core methods, system design ideas, mathematical intuition, evaluation strategies, and practical implementation challenges in modern AI systems."
516,Explainable Ai For Recommendation Engines Study 16,Explainability,"This document discusses Explainable AI for recommendation engines. It focuses on explainability and explains core methods, system design ideas, mathematical intuition, evaluation strategies, and practical implementation challenges in modern AI systems."
517,Explainable Ai For Recommendation Engines Study 17,Explainability,"This document discusses Explainable AI for recommendation engines. It focuses on explainability and explains core methods, system design ideas, mathematical intuition, evaluation strategies, and practical implementation challenges in modern AI systems."
518,Explainable Ai For Recommendation Engines Study 18,Explainability,"This document discusses Explainable AI for recommendation engines. It focuses on explainability and explains core methods, system design ideas, mathematical intuition, evaluation strategies, and practical implementation challenges in modern AI systems."
519,Explainable Ai For Recommendation Engines Study 19,Explainability,"This document discusses Explainable AI for recommendation engines. It focuses on explainability and explains core methods, system design ideas, mathematical intuition, evaluation strategies, and practical implementation challenges in modern AI systems."
520,Explainable Ai For Recommendation Engines Study 20,Explainability,"This document discusses Explainable AI for recommendation engines. It focuses on explainability and explains core methods, system design ideas, mathematical intuition, evaluation strategies, and practical implementation challenges in modern AI systems."
521,Explainable Ai For Recommendation Engines Study 21,Explainability,"This document discusses Explainable AI for recommendation engines. It focuses on explainability and explains core methods, system design ideas, mathematical intuition, evaluation strategies, and practical implementation challenges in modern AI systems."
522,Explainable Ai For Recommendation Engines Study 22,Explainability,"This document discusses Explainable AI for recommendation engines. It focuses on explainability and explains core methods, system design ideas, mathematical intuition, evaluation strategies, and practical implementation challenges in modern AI systems."
523,Explainable Ai For Recommendation Engines Study 23,Explainability,"This document discusses Explainable AI for recommendation engines. It focuses on explainability and explains core methods, system design ideas, mathematical intuition, evaluation strategies, and practical implementation challenges in modern AI systems."
524,Explainable Ai For Recommendation Engines Study 24,Explainability,"This document discusses Explainable AI for recommendation engines. It focuses on explainability and explains core methods, system design ideas, mathematical intuition, evaluation strategies, and practical implementation challenges in modern AI systems."
525,Explainable Ai For Recommendation Engines Study 25,Explainability,"This document discusses Explainable AI for recommendation engines. It focuses on explainability and explains core methods, system design ideas, mathematical intuition, evaluation strategies, and practical implementation challenges in modern AI systems."
526,Interpretable Machine Learning For Search Systems Study 1,Explainability,"This document discusses Interpretable machine learning for search systems. It focuses on explainability and explains core methods, system design ideas, mathematical intuition, evaluation strategies, and practical implementation challenges in modern AI systems."
527,Interpretable Machine Learning For Search Systems Study 2,Explainability,"This document discusses Interpretable machine learning for search systems. It focuses on explainability and explains core methods, system design ideas, mathematical intuition, evaluation strategies, and practical implementation challenges in modern AI systems."
528,Interpretable Machine Learning For Search Systems Study 3,Explainability,"This document discusses Interpretable machine learning for search systems. It focuses on explainability and explains core methods, system design ideas, mathematical intuition, evaluation strategies, and practical implementation challenges in modern AI systems."
529,Interpretable Machine Learning For Search Systems Study 4,Explainability,"This document discusses Interpretable machine learning for search systems. It focuses on explainability and explains core methods, system design ideas, mathematical intuition, evaluation strategies, and practical implementation challenges in modern AI systems."
530,Interpretable Machine Learning For Search Systems Study 5,Explainability,"This document discusses Interpretable machine learning for search systems. It focuses on explainability and explains core methods, system design ideas, mathematical intuition, evaluation strategies, and practical implementation challenges in modern AI systems."
531,Interpretable Machine Learning For Search Systems Study 6,Explainability,"This document discusses Interpretable machine learning for search systems. It focuses on explainability and explains core methods, system design ideas, mathematical intuition, evaluation strategies, and practical implementation challenges in modern AI systems."
532,Interpretable Machine Learning For Search Systems Study 7,Explainability,"This document discusses Interpretable machine learning for search systems. It focuses on explainability and explains core methods, system design ideas, mathematical intuition, evaluation strategies, and practical implementation challenges in modern AI systems."
533,Interpretable Machine Learning For Search Systems Study 8,Explainability,"This document discusses Interpretable machine learning for search systems. It focuses on explainability and explains core methods, system design ideas, mathematical intuition, evaluation strategies, and practical implementation challenges in modern AI systems."
534,Interpretable Machine Learning For Search Systems Study 9,Explainability,"This document discusses Interpretable machine learning for search systems. It focuses on explainability and explains core methods, system design ideas, mathematical intuition, evaluation strategies, and practical implementation challenges in modern AI systems."
535,Interpretable Machine Learning For Search Systems Study 10,Explainability,"This document discusses Interpretable machine learning for search systems. It focuses on explainability and explains core methods, system design ideas, mathematical intuition, evaluation strategies, and practical implementation challenges in modern AI systems."
536,Interpretable Machine Learning For Search Systems Study 11,Explainability,"This document discusses Interpretable machine learning for search systems. It focuses on explainability and explains core methods, system design ideas, mathematical intuition, evaluation strategies, and practical implementation challenges in modern AI systems."
537,Interpretable Machine Learning For Search Systems Study 12,Explainability,"This document discusses Interpretable machine learning for search systems. It focuses on explainability and explains core methods, system design ideas, mathematical intuition, evaluation strategies, and practical implementation challenges in modern AI systems."
538,Interpretable Machine Learning For Search Systems Study 13,Explainability,"This document discusses Interpretable machine learning for search systems. It focuses on explainability and explains core methods, system design ideas, mathematical intuition, evaluation strategies, and practical implementation challenges in modern AI systems."
539,Interpretable Machine Learning For Search Systems Study 14,Explainability,"This document discusses Interpretable machine learning for search systems. It focuses on explainability and explains core methods, system design ideas, mathematical intuition, evaluation strategies, and practical implementation challenges in modern AI systems."
540,Interpretable Machine Learning For Search Systems Study 15,Explainability,"This document discusses Interpretable machine learning for search systems. It focuses on explainability and explains core methods, system design ideas, mathematical intuition, evaluation strategies, and practical implementation challenges in modern AI systems."
541,Interpretable Machine Learning For Search Systems Study 16,Explainability,"This document discusses Interpretable machine learning for search systems. It focuses on explainability and explains core methods, system design ideas, mathematical intuition, evaluation strategies, and practical implementation challenges in modern AI systems."
542,Interpretable Machine Learning For Search Systems Study 17,Explainability,"This document discusses Interpretable machine learning for search systems. It focuses on explainability and explains core methods, system design ideas, mathematical intuition, evaluation strategies, and practical implementation challenges in modern AI systems."
543,Interpretable Machine Learning For Search Systems Study 18,Explainability,"This document discusses Interpretable machine learning for search systems. It focuses on explainability and explains core methods, system design ideas, mathematical intuition, evaluation strategies, and practical implementation challenges in modern AI systems."
544,Interpretable Machine Learning For Search Systems Study 19,Explainability,"This document discusses Interpretable machine learning for search systems. It focuses on explainability and explains core methods, system design ideas, mathematical intuition, evaluation strategies, and practical implementation challenges in modern AI systems."
545,Interpretable Machine Learning For Search Systems Study 20,Explainability,"This document discusses Interpretable machine learning for search systems. It focuses on explainability and explains core methods, system design ideas, mathematical intuition, evaluation strategies, and practical implementation challenges in modern AI systems."
546,Interpretable Machine Learning For Search Systems Study 21,Explainability,"This document discusses Interpretable machine learning for search systems. It focuses on explainability and explains core methods, system design ideas, mathematical intuition, evaluation strategies, and practical implementation challenges in modern AI systems."
547,Interpretable Machine Learning For Search Systems Study 22,Explainability,"This document discusses Interpretable machine learning for search systems. It focuses on explainability and explains core methods, system design ideas, mathematical intuition, evaluation strategies, and practical implementation challenges in modern AI systems."
548,Interpretable Machine Learning For Search Systems Study 23,Explainability,"This document discusses Interpretable machine learning for search systems. It focuses on explainability and explains core methods, system design ideas, mathematical intuition, evaluation strategies, and practical implementation challenges in modern AI systems."
549,Interpretable Machine Learning For Search Systems Study 24,Explainability,"This document discusses Interpretable machine learning for search systems. It focuses on explainability and explains core methods, system design ideas, mathematical intuition, evaluation strategies, and practical implementation challenges in modern AI systems."
550,Interpretable Machine Learning For Search Systems Study 25,Explainability,"This document discusses Interpretable machine learning for search systems. It focuses on explainability and explains core methods, system design ideas, mathematical intuition, evaluation strategies, and practical implementation challenges in modern AI systems."
551,Feature Attribution Methods In Neural Networks Study 1,Explainability,"This document discusses Feature attribution methods in neural networks. It focuses on explainability and explains core methods, system design ideas, mathematical intuition, evaluation strategies, and practical implementation challenges in modern AI systems."
552,Feature Attribution Methods In Neural Networks Study 2,Explainability,"This document discusses Feature attribution methods in neural networks. It focuses on explainability and explains core methods, system design ideas, mathematical intuition, evaluation strategies, and practical implementation challenges in modern AI systems."
553,Feature Attribution Methods In Neural Networks Study 3,Explainability,"This document discusses Feature attribution methods in neural networks. It focuses on explainability and explains core methods, system design ideas, mathematical intuition, evaluation strategies, and practical implementation challenges in modern AI systems."
554,Feature Attribution Methods In Neural Networks Study 4,Explainability,"This document discusses Feature attribution methods in neural networks. It focuses on explainability and explains core methods, system design ideas, mathematical intuition, evaluation strategies, and practical implementation challenges in modern AI systems."
555,Feature Attribution Methods In Neural Networks Study 5,Explainability,"This document discusses Feature attribution methods in neural networks. It focuses on explainability and explains core methods, system design ideas, mathematical intuition, evaluation strategies, and practical implementation challenges in modern AI systems."
556,Feature Attribution Methods In Neural Networks Study 6,Explainability,"This document discusses Feature attribution methods in neural networks. It focuses on explainability and explains core methods, system design ideas, mathematical intuition, evaluation strategies, and practical implementation challenges in modern AI systems."
557,Feature Attribution Methods In Neural Networks Study 7,Explainability,"This document discusses Feature attribution methods in neural networks. It focuses on explainability and explains core methods, system design ideas, mathematical intuition, evaluation strategies, and practical implementation challenges in modern AI systems."
558,Feature Attribution Methods In Neural Networks Study 8,Explainability,"This document discusses Feature attribution methods in neural networks. It focuses on explainability and explains core methods, system design ideas, mathematical intuition, evaluation strategies, and practical implementation challenges in modern AI systems."
559,Feature Attribution Methods In Neural Networks Study 9,Explainability,"This document discusses Feature attribution methods in neural networks. It focuses on explainability and explains core methods, system design ideas, mathematical intuition, evaluation strategies, and practical implementation challenges in modern AI systems."
560,Feature Attribution Methods In Neural Networks Study 10,Explainability,"This document discusses Feature attribution methods in neural networks. It focuses on explainability and explains core methods, system design ideas, mathematical intuition, evaluation strategies, and practical implementation challenges in modern AI systems."
561,Feature Attribution Methods In Neural Networks Study 11,Explainability,"This document discusses Feature attribution methods in neural networks. It focuses on explainability and explains core methods, system design ideas, mathematical intuition, evaluation strategies, and practical implementation challenges in modern AI systems."
562,Feature Attribution Methods In Neural Networks Study 12,Explainability,"This document discusses Feature attribution methods in neural networks. It focuses on explainability and explains core methods, system design ideas, mathematical intuition, evaluation strategies, and practical implementation challenges in modern AI systems."
563,Feature Attribution Methods In Neural Networks Study 13,Explainability,"This document discusses Feature attribution methods in neural networks. It focuses on explainability and explains core methods, system design ideas, mathematical intuition, evaluation strategies, and practical implementation challenges in modern AI systems."
564,Feature Attribution Methods In Neural Networks Study 14,Explainability,"This document discusses Feature attribution methods in neural networks. It focuses on explainability and explains core methods, system design ideas, mathematical intuition, evaluation strategies, and practical implementation challenges in modern AI systems."
565,Feature Attribution Methods In Neural Networks Study 15,Explainability,"This document discusses Feature attribution methods in neural networks. It focuses on explainability and explains core methods, system design ideas, mathematical intuition, evaluation strategies, and practical implementation challenges in modern AI systems."
566,Feature Attribution Methods In Neural Networks Study 16,Explainability,"This document discusses Feature attribution methods in neural networks. It focuses on explainability and explains core methods, system design ideas, mathematical intuition, evaluation strategies, and practical implementation challenges in modern AI systems."
567,Feature Attribution Methods In Neural Networks Study 17,Explainability,"This document discusses Feature attribution methods in neural networks. It focuses on explainability and explains core methods, system design ideas, mathematical intuition, evaluation strategies, and practical implementation challenges in modern AI systems."
568,Feature Attribution Methods In Neural Networks Study 18,Explainability,"This document discusses Feature attribution methods in neural networks. It focuses on explainability and explains core methods, system design ideas, mathematical intuition, evaluation strategies, and practical implementation challenges in modern AI systems."
569,Feature Attribution Methods In Neural Networks Study 19,Explainability,"This document discusses Feature attribution methods in neural networks. It focuses on explainability and explains core methods, system design ideas, mathematical intuition, evaluation strategies, and practical implementation challenges in modern AI systems."
570,Feature Attribution Methods In Neural Networks Study 20,Explainability,"This document discusses Feature attribution methods in neural networks. It focuses on explainability and explains core methods, system design ideas, mathematical intuition, evaluation strategies, and practical implementation challenges in modern AI systems."
571,Feature Attribution Methods In Neural Networks Study 21,Explainability,"This document discusses Feature attribution methods in neural networks. It focuses on explainability and explains core methods, system design ideas, mathematical intuition, evaluation strategies, and practical implementation challenges in modern AI systems."
572,Feature Attribution Methods In Neural Networks Study 22,Explainability,"This document discusses Feature attribution methods in neural networks. It focuses on explainability and explains core methods, system design ideas, mathematical intuition, evaluation strategies, and practical implementation challenges in modern AI systems."
573,Feature Attribution Methods In Neural Networks Study 23,Explainability,"This document discusses Feature attribution methods in neural networks. It focuses on explainability and explains core methods, system design ideas, mathematical intuition, evaluation strategies, and practical implementation challenges in modern AI systems."
574,Feature Attribution Methods In Neural Networks Study 24,Explainability,"This document discusses Feature attribution methods in neural networks. It focuses on explainability and explains core methods, system design ideas, mathematical intuition, evaluation strategies, and practical implementation challenges in modern AI systems."
575,Feature Attribution Methods In Neural Networks Study 25,Explainability,"This document discusses Feature attribution methods in neural networks. It focuses on explainability and explains core methods, system design ideas, mathematical intuition, evaluation strategies, and practical implementation challenges in modern AI systems."
576,Transparent Ranking Explanations For Users Study 1,Explainability,"This document discusses Transparent ranking explanations for users. It focuses on explainability and explains core methods, system design ideas, mathematical intuition, evaluation strategies, and practical implementation challenges in modern AI systems."
577,Transparent Ranking Explanations For Users Study 2,Explainability,"This document discusses Transparent ranking explanations for users. It focuses on explainability and explains core methods, system design ideas, mathematical intuition, evaluation strategies, and practical implementation challenges in modern AI systems."
578,Transparent Ranking Explanations For Users Study 3,Explainability,"This document discusses Transparent ranking explanations for users. It focuses on explainability and explains core methods, system design ideas, mathematical intuition, evaluation strategies, and practical implementation challenges in modern AI systems."
579,Transparent Ranking Explanations For Users Study 4,Explainability,"This document discusses Transparent ranking explanations for users. It focuses on explainability and explains core methods, system design ideas, mathematical intuition, evaluation strategies, and practical implementation challenges in modern AI systems."
580,Transparent Ranking Explanations For Users Study 5,Explainability,"This document discusses Transparent ranking explanations for users. It focuses on explainability and explains core methods, system design ideas, mathematical intuition, evaluation strategies, and practical implementation challenges in modern AI systems."
581,Transparent Ranking Explanations For Users Study 6,Explainability,"This document discusses Transparent ranking explanations for users. It focuses on explainability and explains core methods, system design ideas, mathematical intuition, evaluation strategies, and practical implementation challenges in modern AI systems."
582,Transparent Ranking Explanations For Users Study 7,Explainability,"This document discusses Transparent ranking explanations for users. It focuses on explainability and explains core methods, system design ideas, mathematical intuition, evaluation strategies, and practical implementation challenges in modern AI systems."
583,Transparent Ranking Explanations For Users Study 8,Explainability,"This document discusses Transparent ranking explanations for users. It focuses on explainability and explains core methods, system design ideas, mathematical intuition, evaluation strategies, and practical implementation challenges in modern AI systems."
584,Transparent Ranking Explanations For Users Study 9,Explainability,"This document discusses Transparent ranking explanations for users. It focuses on explainability and explains core methods, system design ideas, mathematical intuition, evaluation strategies, and practical implementation challenges in modern AI systems."
585,Transparent Ranking Explanations For Users Study 10,Explainability,"This document discusses Transparent ranking explanations for users. It focuses on explainability and explains core methods, system design ideas, mathematical intuition, evaluation strategies, and practical implementation challenges in modern AI systems."
586,Transparent Ranking Explanations For Users Study 11,Explainability,"This document discusses Transparent ranking explanations for users. It focuses on explainability and explains core methods, system design ideas, mathematical intuition, evaluation strategies, and practical implementation challenges in modern AI systems."
587,Transparent Ranking Explanations For Users Study 12,Explainability,"This document discusses Transparent ranking explanations for users. It focuses on explainability and explains core methods, system design ideas, mathematical intuition, evaluation strategies, and practical implementation challenges in modern AI systems."
588,Transparent Ranking Explanations For Users Study 13,Explainability,"This document discusses Transparent ranking explanations for users. It focuses on explainability and explains core methods, system design ideas, mathematical intuition, evaluation strategies, and practical implementation challenges in modern AI systems."
589,Transparent Ranking Explanations For Users Study 14,Explainability,"This document discusses Transparent ranking explanations for users. It focuses on explainability and explains core methods, system design ideas, mathematical intuition, evaluation strategies, and practical implementation challenges in modern AI systems."
590,Transparent Ranking Explanations For Users Study 15,Explainability,"This document discusses Transparent ranking explanations for users. It focuses on explainability and explains core methods, system design ideas, mathematical intuition, evaluation strategies, and practical implementation challenges in modern AI systems."
591,Transparent Ranking Explanations For Users Study 16,Explainability,"This document discusses Transparent ranking explanations for users. It focuses on explainability and explains core methods, system design ideas, mathematical intuition, evaluation strategies, and practical implementation challenges in modern AI systems."
592,Transparent Ranking Explanations For Users Study 17,Explainability,"This document discusses Transparent ranking explanations for users. It focuses on explainability and explains core methods, system design ideas, mathematical intuition, evaluation strategies, and practical implementation challenges in modern AI systems."
593,Transparent Ranking Explanations For Users Study 18,Explainability,"This document discusses Transparent ranking explanations for users. It focuses on explainability and explains core methods, system design ideas, mathematical intuition, evaluation strategies, and practical implementation challenges in modern AI systems."
594,Transparent Ranking Explanations For Users Study 19,Explainability,"This document discusses Transparent ranking explanations for users. It focuses on explainability and explains core methods, system design ideas, mathematical intuition, evaluation strategies, and practical implementation challenges in modern AI systems."
595,Transparent Ranking Explanations For Users Study 20,Explainability,"This document discusses Transparent ranking explanations for users. It focuses on explainability and explains core methods, system design ideas, mathematical intuition, evaluation strategies, and practical implementation challenges in modern AI systems."
596,Transparent Ranking Explanations For Users Study 21,Explainability,"This document discusses Transparent ranking explanations for users. It focuses on explainability and explains core methods, system design ideas, mathematical intuition, evaluation strategies, and practical implementation challenges in modern AI systems."
597,Transparent Ranking Explanations For Users Study 22,Explainability,"This document discusses Transparent ranking explanations for users. It focuses on explainability and explains core methods, system design ideas, mathematical intuition, evaluation strategies, and practical implementation challenges in modern AI systems."
598,Transparent Ranking Explanations For Users Study 23,Explainability,"This document discusses Transparent ranking explanations for users. It focuses on explainability and explains core methods, system design ideas, mathematical intuition, evaluation strategies, and practical implementation challenges in modern AI systems."
599,Transparent Ranking Explanations For Users Study 24,Explainability,"This document discusses Transparent ranking explanations for users. It focuses on explainability and explains core methods, system design ideas, mathematical intuition, evaluation strategies, and practical implementation challenges in modern AI systems."
600,Transparent Ranking Explanations For Users Study 25,Explainability,"This document discusses Transparent ranking explanations for users. It focuses on explainability and explains core methods, system design ideas, mathematical intuition, evaluation strategies, and practical implementation challenges in modern AI systems."
601,Trustworthy Ai Through Explanation Generation Study 1,Explainability,"This document discusses Trustworthy AI through explanation generation. It focuses on explainability and explains core methods, system design ideas, mathematical intuition, evaluation strategies, and practical implementation challenges in modern AI systems."
602,Trustworthy Ai Through Explanation Generation Study 2,Explainability,"This document discusses Trustworthy AI through explanation generation. It focuses on explainability and explains core methods, system design ideas, mathematical intuition, evaluation strategies, and practical implementation challenges in modern AI systems."
603,Trustworthy Ai Through Explanation Generation Study 3,Explainability,"This document discusses Trustworthy AI through explanation generation. It focuses on explainability and explains core methods, system design ideas, mathematical intuition, evaluation strategies, and practical implementation challenges in modern AI systems."
604,Trustworthy Ai Through Explanation Generation Study 4,Explainability,"This document discusses Trustworthy AI through explanation generation. It focuses on explainability and explains core methods, system design ideas, mathematical intuition, evaluation strategies, and practical implementation challenges in modern AI systems."
605,Trustworthy Ai Through Explanation Generation Study 5,Explainability,"This document discusses Trustworthy AI through explanation generation. It focuses on explainability and explains core methods, system design ideas, mathematical intuition, evaluation strategies, and practical implementation challenges in modern AI systems."
606,Trustworthy Ai Through Explanation Generation Study 6,Explainability,"This document discusses Trustworthy AI through explanation generation. It focuses on explainability and explains core methods, system design ideas, mathematical intuition, evaluation strategies, and practical implementation challenges in modern AI systems."
607,Trustworthy Ai Through Explanation Generation Study 7,Explainability,"This document discusses Trustworthy AI through explanation generation. It focuses on explainability and explains core methods, system design ideas, mathematical intuition, evaluation strategies, and practical implementation challenges in modern AI systems."
608,Trustworthy Ai Through Explanation Generation Study 8,Explainability,"This document discusses Trustworthy AI through explanation generation. It focuses on explainability and explains core methods, system design ideas, mathematical intuition, evaluation strategies, and practical implementation challenges in modern AI systems."
609,Trustworthy Ai Through Explanation Generation Study 9,Explainability,"This document discusses Trustworthy AI through explanation generation. It focuses on explainability and explains core methods, system design ideas, mathematical intuition, evaluation strategies, and practical implementation challenges in modern AI systems."
610,Trustworthy Ai Through Explanation Generation Study 10,Explainability,"This document discusses Trustworthy AI through explanation generation. It focuses on explainability and explains core methods, system design ideas, mathematical intuition, evaluation strategies, and practical implementation challenges in modern AI systems."
611,Trustworthy Ai Through Explanation Generation Study 11,Explainability,"This document discusses Trustworthy AI through explanation generation. It focuses on explainability and explains core methods, system design ideas, mathematical intuition, evaluation strategies, and practical implementation challenges in modern AI systems."
612,Trustworthy Ai Through Explanation Generation Study 12,Explainability,"This document discusses Trustworthy AI through explanation generation. It focuses on explainability and explains core methods, system design ideas, mathematical intuition, evaluation strategies, and practical implementation challenges in modern AI systems."
613,Trustworthy Ai Through Explanation Generation Study 13,Explainability,"This document discusses Trustworthy AI through explanation generation. It focuses on explainability and explains core methods, system design ideas, mathematical intuition, evaluation strategies, and practical implementation challenges in modern AI systems."
614,Trustworthy Ai Through Explanation Generation Study 14,Explainability,"This document discusses Trustworthy AI through explanation generation. It focuses on explainability and explains core methods, system design ideas, mathematical intuition, evaluation strategies, and practical implementation challenges in modern AI systems."
615,Trustworthy Ai Through Explanation Generation Study 15,Explainability,"This document discusses Trustworthy AI through explanation generation. It focuses on explainability and explains core methods, system design ideas, mathematical intuition, evaluation strategies, and practical implementation challenges in modern AI systems."
616,Trustworthy Ai Through Explanation Generation Study 16,Explainability,"This document discusses Trustworthy AI through explanation generation. It focuses on explainability and explains core methods, system design ideas, mathematical intuition, evaluation strategies, and practical implementation challenges in modern AI systems."
617,Trustworthy Ai Through Explanation Generation Study 17,Explainability,"This document discusses Trustworthy AI through explanation generation. It focuses on explainability and explains core methods, system design ideas, mathematical intuition, evaluation strategies, and practical implementation challenges in modern AI systems."
618,Trustworthy Ai Through Explanation Generation Study 18,Explainability,"This document discusses Trustworthy AI through explanation generation. It focuses on explainability and explains core methods, system design ideas, mathematical intuition, evaluation strategies, and practical implementation challenges in modern AI systems."
619,Trustworthy Ai Through Explanation Generation Study 19,Explainability,"This document discusses Trustworthy AI through explanation generation. It focuses on explainability and explains core methods, system design ideas, mathematical intuition, evaluation strategies, and practical implementation challenges in modern AI systems."
620,Trustworthy Ai Through Explanation Generation Study 20,Explainability,"This document discusses Trustworthy AI through explanation generation. It focuses on explainability and explains core methods, system design ideas, mathematical intuition, evaluation strategies, and practical implementation challenges in modern AI systems."
621,Trustworthy Ai Through Explanation Generation Study 21,Explainability,"This document discusses Trustworthy AI through explanation generation. It focuses on explainability and explains core methods, system design ideas, mathematical intuition, evaluation strategies, and practical implementation challenges in modern AI systems."
622,Trustworthy Ai Through Explanation Generation Study 22,Explainability,"This document discusses Trustworthy AI through explanation generation. It focuses on explainability and explains core methods, system design ideas, mathematical intuition, evaluation strategies, and practical implementation challenges in modern AI systems."
623,Trustworthy Ai Through Explanation Generation Study 23,Explainability,"This document discusses Trustworthy AI through explanation generation. It focuses on explainability and explains core methods, system design ideas, mathematical intuition, evaluation strategies, and practical implementation challenges in modern AI systems."
624,Trustworthy Ai Through Explanation Generation Study 24,Explainability,"This document discusses Trustworthy AI through explanation generation. It focuses on explainability and explains core methods, system design ideas, mathematical intuition, evaluation strategies, and practical implementation challenges in modern AI systems."
625,Trustworthy Ai Through Explanation Generation Study 25,Explainability,"This document discusses Trustworthy AI through explanation generation. It focuses on explainability and explains core methods, system design ideas, mathematical intuition, evaluation strategies, and practical implementation challenges in modern AI systems."
626,Graph Neural Networks For Knowledge Graphs Study 1,Graph ML,"This document discusses Graph neural networks for knowledge graphs. It focuses on graph ml and explains core methods, system design ideas, mathematical intuition, evaluation strategies, and practical implementation challenges in modern AI systems."
627,Graph Neural Networks For Knowledge Graphs Study 2,Graph ML,"This document discusses Graph neural networks for knowledge graphs. It focuses on graph ml and explains core methods, system design ideas, mathematical intuition, evaluation strategies, and practical implementation challenges in modern AI systems."
628,Graph Neural Networks For Knowledge Graphs Study 3,Graph ML,"This document discusses Graph neural networks for knowledge graphs. It focuses on graph ml and explains core methods, system design ideas, mathematical intuition, evaluation strategies, and practical implementation challenges in modern AI systems."
629,Graph Neural Networks For Knowledge Graphs Study 4,Graph ML,"This document discusses Graph neural networks for knowledge graphs. It focuses on graph ml and explains core methods, system design ideas, mathematical intuition, evaluation strategies, and practical implementation challenges in modern AI systems."
630,Graph Neural Networks For Knowledge Graphs Study 5,Graph ML,"This document discusses Graph neural networks for knowledge graphs. It focuses on graph ml and explains core methods, system design ideas, mathematical intuition, evaluation strategies, and practical implementation challenges in modern AI systems."
631,Graph Neural Networks For Knowledge Graphs Study 6,Graph ML,"This document discusses Graph neural networks for knowledge graphs. It focuses on graph ml and explains core methods, system design ideas, mathematical intuition, evaluation strategies, and practical implementation challenges in modern AI systems."
632,Graph Neural Networks For Knowledge Graphs Study 7,Graph ML,"This document discusses Graph neural networks for knowledge graphs. It focuses on graph ml and explains core methods, system design ideas, mathematical intuition, evaluation strategies, and practical implementation challenges in modern AI systems."
633,Graph Neural Networks For Knowledge Graphs Study 8,Graph ML,"This document discusses Graph neural networks for knowledge graphs. It focuses on graph ml and explains core methods, system design ideas, mathematical intuition, evaluation strategies, and practical implementation challenges in modern AI systems."
634,Graph Neural Networks For Knowledge Graphs Study 9,Graph ML,"This document discusses Graph neural networks for knowledge graphs. It focuses on graph ml and explains core methods, system design ideas, mathematical intuition, evaluation strategies, and practical implementation challenges in modern AI systems."
635,Graph Neural Networks For Knowledge Graphs Study 10,Graph ML,"This document discusses Graph neural networks for knowledge graphs. It focuses on graph ml and explains core methods, system design ideas, mathematical intuition, evaluation strategies, and practical implementation challenges in modern AI systems."
636,Graph Neural Networks For Knowledge Graphs Study 11,Graph ML,"This document discusses Graph neural networks for knowledge graphs. It focuses on graph ml and explains core methods, system design ideas, mathematical intuition, evaluation strategies, and practical implementation challenges in modern AI systems."
637,Graph Neural Networks For Knowledge Graphs Study 12,Graph ML,"This document discusses Graph neural networks for knowledge graphs. It focuses on graph ml and explains core methods, system design ideas, mathematical intuition, evaluation strategies, and practical implementation challenges in modern AI systems."
638,Graph Neural Networks For Knowledge Graphs Study 13,Graph ML,"This document discusses Graph neural networks for knowledge graphs. It focuses on graph ml and explains core methods, system design ideas, mathematical intuition, evaluation strategies, and practical implementation challenges in modern AI systems."
639,Graph Neural Networks For Knowledge Graphs Study 14,Graph ML,"This document discusses Graph neural networks for knowledge graphs. It focuses on graph ml and explains core methods, system design ideas, mathematical intuition, evaluation strategies, and practical implementation challenges in modern AI systems."
640,Graph Neural Networks For Knowledge Graphs Study 15,Graph ML,"This document discusses Graph neural networks for knowledge graphs. It focuses on graph ml and explains core methods, system design ideas, mathematical intuition, evaluation strategies, and practical implementation challenges in modern AI systems."
641,Graph Neural Networks For Knowledge Graphs Study 16,Graph ML,"This document discusses Graph neural networks for knowledge graphs. It focuses on graph ml and explains core methods, system design ideas, mathematical intuition, evaluation strategies, and practical implementation challenges in modern AI systems."
642,Graph Neural Networks For Knowledge Graphs Study 17,Graph ML,"This document discusses Graph neural networks for knowledge graphs. It focuses on graph ml and explains core methods, system design ideas, mathematical intuition, evaluation strategies, and practical implementation challenges in modern AI systems."
643,Graph Neural Networks For Knowledge Graphs Study 18,Graph ML,"This document discusses Graph neural networks for knowledge graphs. It focuses on graph ml and explains core methods, system design ideas, mathematical intuition, evaluation strategies, and practical implementation challenges in modern AI systems."
644,Graph Neural Networks For Knowledge Graphs Study 19,Graph ML,"This document discusses Graph neural networks for knowledge graphs. It focuses on graph ml and explains core methods, system design ideas, mathematical intuition, evaluation strategies, and practical implementation challenges in modern AI systems."
645,Graph Neural Networks For Knowledge Graphs Study 20,Graph ML,"This document discusses Graph neural networks for knowledge graphs. It focuses on graph ml and explains core methods, system design ideas, mathematical intuition, evaluation strategies, and practical implementation challenges in modern AI systems."
646,Graph Neural Networks For Knowledge Graphs Study 21,Graph ML,"This document discusses Graph neural networks for knowledge graphs. It focuses on graph ml and explains core methods, system design ideas, mathematical intuition, evaluation strategies, and practical implementation challenges in modern AI systems."
647,Graph Neural Networks For Knowledge Graphs Study 22,Graph ML,"This document discusses Graph neural networks for knowledge graphs. It focuses on graph ml and explains core methods, system design ideas, mathematical intuition, evaluation strategies, and practical implementation challenges in modern AI systems."
648,Graph Neural Networks For Knowledge Graphs Study 23,Graph ML,"This document discusses Graph neural networks for knowledge graphs. It focuses on graph ml and explains core methods, system design ideas, mathematical intuition, evaluation strategies, and practical implementation challenges in modern AI systems."
649,Graph Neural Networks For Knowledge Graphs Study 24,Graph ML,"This document discusses Graph neural networks for knowledge graphs. It focuses on graph ml and explains core methods, system design ideas, mathematical intuition, evaluation strategies, and practical implementation challenges in modern AI systems."
650,Graph Neural Networks For Knowledge Graphs Study 25,Graph ML,"This document discusses Graph neural networks for knowledge graphs. It focuses on graph ml and explains core methods, system design ideas, mathematical intuition, evaluation strategies, and practical implementation challenges in modern AI systems."
651,Graph Embeddings For Link Prediction Study 1,Graph ML,"This document discusses Graph embeddings for link prediction. It focuses on graph ml and explains core methods, system design ideas, mathematical intuition, evaluation strategies, and practical implementation challenges in modern AI systems."
652,Graph Embeddings For Link Prediction Study 2,Graph ML,"This document discusses Graph embeddings for link prediction. It focuses on graph ml and explains core methods, system design ideas, mathematical intuition, evaluation strategies, and practical implementation challenges in modern AI systems."
653,Graph Embeddings For Link Prediction Study 3,Graph ML,"This document discusses Graph embeddings for link prediction. It focuses on graph ml and explains core methods, system design ideas, mathematical intuition, evaluation strategies, and practical implementation challenges in modern AI systems."
654,Graph Embeddings For Link Prediction Study 4,Graph ML,"This document discusses Graph embeddings for link prediction. It focuses on graph ml and explains core methods, system design ideas, mathematical intuition, evaluation strategies, and practical implementation challenges in modern AI systems."
655,Graph Embeddings For Link Prediction Study 5,Graph ML,"This document discusses Graph embeddings for link prediction. It focuses on graph ml and explains core methods, system design ideas, mathematical intuition, evaluation strategies, and practical implementation challenges in modern AI systems."
656,Graph Embeddings For Link Prediction Study 6,Graph ML,"This document discusses Graph embeddings for link prediction. It focuses on graph ml and explains core methods, system design ideas, mathematical intuition, evaluation strategies, and practical implementation challenges in modern AI systems."
657,Graph Embeddings For Link Prediction Study 7,Graph ML,"This document discusses Graph embeddings for link prediction. It focuses on graph ml and explains core methods, system design ideas, mathematical intuition, evaluation strategies, and practical implementation challenges in modern AI systems."
658,Graph Embeddings For Link Prediction Study 8,Graph ML,"This document discusses Graph embeddings for link prediction. It focuses on graph ml and explains core methods, system design ideas, mathematical intuition, evaluation strategies, and practical implementation challenges in modern AI systems."
659,Graph Embeddings For Link Prediction Study 9,Graph ML,"This document discusses Graph embeddings for link prediction. It focuses on graph ml and explains core methods, system design ideas, mathematical intuition, evaluation strategies, and practical implementation challenges in modern AI systems."
660,Graph Embeddings For Link Prediction Study 10,Graph ML,"This document discusses Graph embeddings for link prediction. It focuses on graph ml and explains core methods, system design ideas, mathematical intuition, evaluation strategies, and practical implementation challenges in modern AI systems."
661,Graph Embeddings For Link Prediction Study 11,Graph ML,"This document discusses Graph embeddings for link prediction. It focuses on graph ml and explains core methods, system design ideas, mathematical intuition, evaluation strategies, and practical implementation challenges in modern AI systems."
662,Graph Embeddings For Link Prediction Study 12,Graph ML,"This document discusses Graph embeddings for link prediction. It focuses on graph ml and explains core methods, system design ideas, mathematical intuition, evaluation strategies, and practical implementation challenges in modern AI systems."
663,Graph Embeddings For Link Prediction Study 13,Graph ML,"This document discusses Graph embeddings for link prediction. It focuses on graph ml and explains core methods, system design ideas, mathematical intuition, evaluation strategies, and practical implementation challenges in modern AI systems."
664,Graph Embeddings For Link Prediction Study 14,Graph ML,"This document discusses Graph embeddings for link prediction. It focuses on graph ml and explains core methods, system design ideas, mathematical intuition, evaluation strategies, and practical implementation challenges in modern AI systems."
665,Graph Embeddings For Link Prediction Study 15,Graph ML,"This document discusses Graph embeddings for link prediction. It focuses on graph ml and explains core methods, system design ideas, mathematical intuition, evaluation strategies, and practical implementation challenges in modern AI systems."
666,Graph Embeddings For Link Prediction Study 16,Graph ML,"This document discusses Graph embeddings for link prediction. It focuses on graph ml and explains core methods, system design ideas, mathematical intuition, evaluation strategies, and practical implementation challenges in modern AI systems."
667,Graph Embeddings For Link Prediction Study 17,Graph ML,"This document discusses Graph embeddings for link prediction. It focuses on graph ml and explains core methods, system design ideas, mathematical intuition, evaluation strategies, and practical implementation challenges in modern AI systems."
668,Graph Embeddings For Link Prediction Study 18,Graph ML,"This document discusses Graph embeddings for link prediction. It focuses on graph ml and explains core methods, system design ideas, mathematical intuition, evaluation strategies, and practical implementation challenges in modern AI systems."
669,Graph Embeddings For Link Prediction Study 19,Graph ML,"This document discusses Graph embeddings for link prediction. It focuses on graph ml and explains core methods, system design ideas, mathematical intuition, evaluation strategies, and practical implementation challenges in modern AI systems."
670,Graph Embeddings For Link Prediction Study 20,Graph ML,"This document discusses Graph embeddings for link prediction. It focuses on graph ml and explains core methods, system design ideas, mathematical intuition, evaluation strategies, and practical implementation challenges in modern AI systems."
671,Graph Embeddings For Link Prediction Study 21,Graph ML,"This document discusses Graph embeddings for link prediction. It focuses on graph ml and explains core methods, system design ideas, mathematical intuition, evaluation strategies, and practical implementation challenges in modern AI systems."
672,Graph Embeddings For Link Prediction Study 22,Graph ML,"This document discusses Graph embeddings for link prediction. It focuses on graph ml and explains core methods, system design ideas, mathematical intuition, evaluation strategies, and practical implementation challenges in modern AI systems."
673,Graph Embeddings For Link Prediction Study 23,Graph ML,"This document discusses Graph embeddings for link prediction. It focuses on graph ml and explains core methods, system design ideas, mathematical intuition, evaluation strategies, and practical implementation challenges in modern AI systems."
674,Graph Embeddings For Link Prediction Study 24,Graph ML,"This document discusses Graph embeddings for link prediction. It focuses on graph ml and explains core methods, system design ideas, mathematical intuition, evaluation strategies, and practical implementation challenges in modern AI systems."
675,Graph Embeddings For Link Prediction Study 25,Graph ML,"This document discusses Graph embeddings for link prediction. It focuses on graph ml and explains core methods, system design ideas, mathematical intuition, evaluation strategies, and practical implementation challenges in modern AI systems."
676,Node Classification Using Graph Convolutional Networks Study 1,Graph ML,"This document discusses Node classification using graph convolutional networks. It focuses on graph ml and explains core methods, system design ideas, mathematical intuition, evaluation strategies, and practical implementation challenges in modern AI systems."
677,Node Classification Using Graph Convolutional Networks Study 2,Graph ML,"This document discusses Node classification using graph convolutional networks. It focuses on graph ml and explains core methods, system design ideas, mathematical intuition, evaluation strategies, and practical implementation challenges in modern AI systems."
678,Node Classification Using Graph Convolutional Networks Study 3,Graph ML,"This document discusses Node classification using graph convolutional networks. It focuses on graph ml and explains core methods, system design ideas, mathematical intuition, evaluation strategies, and practical implementation challenges in modern AI systems."
679,Node Classification Using Graph Convolutional Networks Study 4,Graph ML,"This document discusses Node classification using graph convolutional networks. It focuses on graph ml and explains core methods, system design ideas, mathematical intuition, evaluation strategies, and practical implementation challenges in modern AI systems."
680,Node Classification Using Graph Convolutional Networks Study 5,Graph ML,"This document discusses Node classification using graph convolutional networks. It focuses on graph ml and explains core methods, system design ideas, mathematical intuition, evaluation strategies, and practical implementation challenges in modern AI systems."
681,Node Classification Using Graph Convolutional Networks Study 6,Graph ML,"This document discusses Node classification using graph convolutional networks. It focuses on graph ml and explains core methods, system design ideas, mathematical intuition, evaluation strategies, and practical implementation challenges in modern AI systems."
682,Node Classification Using Graph Convolutional Networks Study 7,Graph ML,"This document discusses Node classification using graph convolutional networks. It focuses on graph ml and explains core methods, system design ideas, mathematical intuition, evaluation strategies, and practical implementation challenges in modern AI systems."
683,Node Classification Using Graph Convolutional Networks Study 8,Graph ML,"This document discusses Node classification using graph convolutional networks. It focuses on graph ml and explains core methods, system design ideas, mathematical intuition, evaluation strategies, and practical implementation challenges in modern AI systems."
684,Node Classification Using Graph Convolutional Networks Study 9,Graph ML,"This document discusses Node classification using graph convolutional networks. It focuses on graph ml and explains core methods, system design ideas, mathematical intuition, evaluation strategies, and practical implementation challenges in modern AI systems."
685,Node Classification Using Graph Convolutional Networks Study 10,Graph ML,"This document discusses Node classification using graph convolutional networks. It focuses on graph ml and explains core methods, system design ideas, mathematical intuition, evaluation strategies, and practical implementation challenges in modern AI systems."
686,Node Classification Using Graph Convolutional Networks Study 11,Graph ML,"This document discusses Node classification using graph convolutional networks. It focuses on graph ml and explains core methods, system design ideas, mathematical intuition, evaluation strategies, and practical implementation challenges in modern AI systems."
687,Node Classification Using Graph Convolutional Networks Study 12,Graph ML,"This document discusses Node classification using graph convolutional networks. It focuses on graph ml and explains core methods, system design ideas, mathematical intuition, evaluation strategies, and practical implementation challenges in modern AI systems."
688,Node Classification Using Graph Convolutional Networks Study 13,Graph ML,"This document discusses Node classification using graph convolutional networks. It focuses on graph ml and explains core methods, system design ideas, mathematical intuition, evaluation strategies, and practical implementation challenges in modern AI systems."
689,Node Classification Using Graph Convolutional Networks Study 14,Graph ML,"This document discusses Node classification using graph convolutional networks. It focuses on graph ml and explains core methods, system design ideas, mathematical intuition, evaluation strategies, and practical implementation challenges in modern AI systems."
690,Node Classification Using Graph Convolutional Networks Study 15,Graph ML,"This document discusses Node classification using graph convolutional networks. It focuses on graph ml and explains core methods, system design ideas, mathematical intuition, evaluation strategies, and practical implementation challenges in modern AI systems."
691,Node Classification Using Graph Convolutional Networks Study 16,Graph ML,"This document discusses Node classification using graph convolutional networks. It focuses on graph ml and explains core methods, system design ideas, mathematical intuition, evaluation strategies, and practical implementation challenges in modern AI systems."
692,Node Classification Using Graph Convolutional Networks Study 17,Graph ML,"This document discusses Node classification using graph convolutional networks. It focuses on graph ml and explains core methods, system design ideas, mathematical intuition, evaluation strategies, and practical implementation challenges in modern AI systems."
693,Node Classification Using Graph Convolutional Networks Study 18,Graph ML,"This document discusses Node classification using graph convolutional networks. It focuses on graph ml and explains core methods, system design ideas, mathematical intuition, evaluation strategies, and practical implementation challenges in modern AI systems."
694,Node Classification Using Graph Convolutional Networks Study 19,Graph ML,"This document discusses Node classification using graph convolutional networks. It focuses on graph ml and explains core methods, system design ideas, mathematical intuition, evaluation strategies, and practical implementation challenges in modern AI systems."
695,Node Classification Using Graph Convolutional Networks Study 20,Graph ML,"This document discusses Node classification using graph convolutional networks. It focuses on graph ml and explains core methods, system design ideas, mathematical intuition, evaluation strategies, and practical implementation challenges in modern AI systems."
696,Node Classification Using Graph Convolutional Networks Study 21,Graph ML,"This document discusses Node classification using graph convolutional networks. It focuses on graph ml and explains core methods, system design ideas, mathematical intuition, evaluation strategies, and practical implementation challenges in modern AI systems."
697,Node Classification Using Graph Convolutional Networks Study 22,Graph ML,"This document discusses Node classification using graph convolutional networks. It focuses on graph ml and explains core methods, system design ideas, mathematical intuition, evaluation strategies, and practical implementation challenges in modern AI systems."
698,Node Classification Using Graph Convolutional Networks Study 23,Graph ML,"This document discusses Node classification using graph convolutional networks. It focuses on graph ml and explains core methods, system design ideas, mathematical intuition, evaluation strategies, and practical implementation challenges in modern AI systems."
699,Node Classification Using Graph Convolutional Networks Study 24,Graph ML,"This document discusses Node classification using graph convolutional networks. It focuses on graph ml and explains core methods, system design ideas, mathematical intuition, evaluation strategies, and practical implementation challenges in modern AI systems."
700,Node Classification Using Graph Convolutional Networks Study 25,Graph ML,"This document discusses Node classification using graph convolutional networks. It focuses on graph ml and explains core methods, system design ideas, mathematical intuition, evaluation strategies, and practical implementation challenges in modern AI systems."
701,Heterogeneous Graphs For Recommendation Systems Study 1,Graph ML,"This document discusses Heterogeneous graphs for recommendation systems. It focuses on graph ml and explains core methods, system design ideas, mathematical intuition, evaluation strategies, and practical implementation challenges in modern AI systems."
702,Heterogeneous Graphs For Recommendation Systems Study 2,Graph ML,"This document discusses Heterogeneous graphs for recommendation systems. It focuses on graph ml and explains core methods, system design ideas, mathematical intuition, evaluation strategies, and practical implementation challenges in modern AI systems."
703,Heterogeneous Graphs For Recommendation Systems Study 3,Graph ML,"This document discusses Heterogeneous graphs for recommendation systems. It focuses on graph ml and explains core methods, system design ideas, mathematical intuition, evaluation strategies, and practical implementation challenges in modern AI systems."
704,Heterogeneous Graphs For Recommendation Systems Study 4,Graph ML,"This document discusses Heterogeneous graphs for recommendation systems. It focuses on graph ml and explains core methods, system design ideas, mathematical intuition, evaluation strategies, and practical implementation challenges in modern AI systems."
705,Heterogeneous Graphs For Recommendation Systems Study 5,Graph ML,"This document discusses Heterogeneous graphs for recommendation systems. It focuses on graph ml and explains core methods, system design ideas, mathematical intuition, evaluation strategies, and practical implementation challenges in modern AI systems."
706,Heterogeneous Graphs For Recommendation Systems Study 6,Graph ML,"This document discusses Heterogeneous graphs for recommendation systems. It focuses on graph ml and explains core methods, system design ideas, mathematical intuition, evaluation strategies, and practical implementation challenges in modern AI systems."
707,Heterogeneous Graphs For Recommendation Systems Study 7,Graph ML,"This document discusses Heterogeneous graphs for recommendation systems. It focuses on graph ml and explains core methods, system design ideas, mathematical intuition, evaluation strategies, and practical implementation challenges in modern AI systems."
708,Heterogeneous Graphs For Recommendation Systems Study 8,Graph ML,"This document discusses Heterogeneous graphs for recommendation systems. It focuses on graph ml and explains core methods, system design ideas, mathematical intuition, evaluation strategies, and practical implementation challenges in modern AI systems."
709,Heterogeneous Graphs For Recommendation Systems Study 9,Graph ML,"This document discusses Heterogeneous graphs for recommendation systems. It focuses on graph ml and explains core methods, system design ideas, mathematical intuition, evaluation strategies, and practical implementation challenges in modern AI systems."
710,Heterogeneous Graphs For Recommendation Systems Study 10,Graph ML,"This document discusses Heterogeneous graphs for recommendation systems. It focuses on graph ml and explains core methods, system design ideas, mathematical intuition, evaluation strategies, and practical implementation challenges in modern AI systems."
711,Heterogeneous Graphs For Recommendation Systems Study 11,Graph ML,"This document discusses Heterogeneous graphs for recommendation systems. It focuses on graph ml and explains core methods, system design ideas, mathematical intuition, evaluation strategies, and practical implementation challenges in modern AI systems."
712,Heterogeneous Graphs For Recommendation Systems Study 12,Graph ML,"This document discusses Heterogeneous graphs for recommendation systems. It focuses on graph ml and explains core methods, system design ideas, mathematical intuition, evaluation strategies, and practical implementation challenges in modern AI systems."
713,Heterogeneous Graphs For Recommendation Systems Study 13,Graph ML,"This document discusses Heterogeneous graphs for recommendation systems. It focuses on graph ml and explains core methods, system design ideas, mathematical intuition, evaluation strategies, and practical implementation challenges in modern AI systems."
714,Heterogeneous Graphs For Recommendation Systems Study 14,Graph ML,"This document discusses Heterogeneous graphs for recommendation systems. It focuses on graph ml and explains core methods, system design ideas, mathematical intuition, evaluation strategies, and practical implementation challenges in modern AI systems."
715,Heterogeneous Graphs For Recommendation Systems Study 15,Graph ML,"This document discusses Heterogeneous graphs for recommendation systems. It focuses on graph ml and explains core methods, system design ideas, mathematical intuition, evaluation strategies, and practical implementation challenges in modern AI systems."
716,Heterogeneous Graphs For Recommendation Systems Study 16,Graph ML,"This document discusses Heterogeneous graphs for recommendation systems. It focuses on graph ml and explains core methods, system design ideas, mathematical intuition, evaluation strategies, and practical implementation challenges in modern AI systems."
717,Heterogeneous Graphs For Recommendation Systems Study 17,Graph ML,"This document discusses Heterogeneous graphs for recommendation systems. It focuses on graph ml and explains core methods, system design ideas, mathematical intuition, evaluation strategies, and practical implementation challenges in modern AI systems."
718,Heterogeneous Graphs For Recommendation Systems Study 18,Graph ML,"This document discusses Heterogeneous graphs for recommendation systems. It focuses on graph ml and explains core methods, system design ideas, mathematical intuition, evaluation strategies, and practical implementation challenges in modern AI systems."
719,Heterogeneous Graphs For Recommendation Systems Study 19,Graph ML,"This document discusses Heterogeneous graphs for recommendation systems. It focuses on graph ml and explains core methods, system design ideas, mathematical intuition, evaluation strategies, and practical implementation challenges in modern AI systems."
720,Heterogeneous Graphs For Recommendation Systems Study 20,Graph ML,"This document discusses Heterogeneous graphs for recommendation systems. It focuses on graph ml and explains core methods, system design ideas, mathematical intuition, evaluation strategies, and practical implementation challenges in modern AI systems."
721,Heterogeneous Graphs For Recommendation Systems Study 21,Graph ML,"This document discusses Heterogeneous graphs for recommendation systems. It focuses on graph ml and explains core methods, system design ideas, mathematical intuition, evaluation strategies, and practical implementation challenges in modern AI systems."
722,Heterogeneous Graphs For Recommendation Systems Study 22,Graph ML,"This document discusses Heterogeneous graphs for recommendation systems. It focuses on graph ml and explains core methods, system design ideas, mathematical intuition, evaluation strategies, and practical implementation challenges in modern AI systems."
723,Heterogeneous Graphs For Recommendation Systems Study 23,Graph ML,"This document discusses Heterogeneous graphs for recommendation systems. It focuses on graph ml and explains core methods, system design ideas, mathematical intuition, evaluation strategies, and practical implementation challenges in modern AI systems."
724,Heterogeneous Graphs For Recommendation Systems Study 24,Graph ML,"This document discusses Heterogeneous graphs for recommendation systems. It focuses on graph ml and explains core methods, system design ideas, mathematical intuition, evaluation strategies, and practical implementation challenges in modern AI systems."
725,Heterogeneous Graphs For Recommendation Systems Study 25,Graph ML,"This document discusses Heterogeneous graphs for recommendation systems. It focuses on graph ml and explains core methods, system design ideas, mathematical intuition, evaluation strategies, and practical implementation challenges in modern AI systems."
726,Graph Based Retrieval For Structured Knowledge Study 1,Graph ML,"This document discusses Graph based retrieval for structured knowledge. It focuses on graph ml and explains core methods, system design ideas, mathematical intuition, evaluation strategies, and practical implementation challenges in modern AI systems."
727,Graph Based Retrieval For Structured Knowledge Study 2,Graph ML,"This document discusses Graph based retrieval for structured knowledge. It focuses on graph ml and explains core methods, system design ideas, mathematical intuition, evaluation strategies, and practical implementation challenges in modern AI systems."
728,Graph Based Retrieval For Structured Knowledge Study 3,Graph ML,"This document discusses Graph based retrieval for structured knowledge. It focuses on graph ml and explains core methods, system design ideas, mathematical intuition, evaluation strategies, and practical implementation challenges in modern AI systems."
729,Graph Based Retrieval For Structured Knowledge Study 4,Graph ML,"This document discusses Graph based retrieval for structured knowledge. It focuses on graph ml and explains core methods, system design ideas, mathematical intuition, evaluation strategies, and practical implementation challenges in modern AI systems."
730,Graph Based Retrieval For Structured Knowledge Study 5,Graph ML,"This document discusses Graph based retrieval for structured knowledge. It focuses on graph ml and explains core methods, system design ideas, mathematical intuition, evaluation strategies, and practical implementation challenges in modern AI systems."
731,Graph Based Retrieval For Structured Knowledge Study 6,Graph ML,"This document discusses Graph based retrieval for structured knowledge. It focuses on graph ml and explains core methods, system design ideas, mathematical intuition, evaluation strategies, and practical implementation challenges in modern AI systems."
732,Graph Based Retrieval For Structured Knowledge Study 7,Graph ML,"This document discusses Graph based retrieval for structured knowledge. It focuses on graph ml and explains core methods, system design ideas, mathematical intuition, evaluation strategies, and practical implementation challenges in modern AI systems."
733,Graph Based Retrieval For Structured Knowledge Study 8,Graph ML,"This document discusses Graph based retrieval for structured knowledge. It focuses on graph ml and explains core methods, system design ideas, mathematical intuition, evaluation strategies, and practical implementation challenges in modern AI systems."
734,Graph Based Retrieval For Structured Knowledge Study 9,Graph ML,"This document discusses Graph based retrieval for structured knowledge. It focuses on graph ml and explains core methods, system design ideas, mathematical intuition, evaluation strategies, and practical implementation challenges in modern AI systems."
735,Graph Based Retrieval For Structured Knowledge Study 10,Graph ML,"This document discusses Graph based retrieval for structured knowledge. It focuses on graph ml and explains core methods, system design ideas, mathematical intuition, evaluation strategies, and practical implementation challenges in modern AI systems."
736,Graph Based Retrieval For Structured Knowledge Study 11,Graph ML,"This document discusses Graph based retrieval for structured knowledge. It focuses on graph ml and explains core methods, system design ideas, mathematical intuition, evaluation strategies, and practical implementation challenges in modern AI systems."
737,Graph Based Retrieval For Structured Knowledge Study 12,Graph ML,"This document discusses Graph based retrieval for structured knowledge. It focuses on graph ml and explains core methods, system design ideas, mathematical intuition, evaluation strategies, and practical implementation challenges in modern AI systems."
738,Graph Based Retrieval For Structured Knowledge Study 13,Graph ML,"This document discusses Graph based retrieval for structured knowledge. It focuses on graph ml and explains core methods, system design ideas, mathematical intuition, evaluation strategies, and practical implementation challenges in modern AI systems."
739,Graph Based Retrieval For Structured Knowledge Study 14,Graph ML,"This document discusses Graph based retrieval for structured knowledge. It focuses on graph ml and explains core methods, system design ideas, mathematical intuition, evaluation strategies, and practical implementation challenges in modern AI systems."
740,Graph Based Retrieval For Structured Knowledge Study 15,Graph ML,"This document discusses Graph based retrieval for structured knowledge. It focuses on graph ml and explains core methods, system design ideas, mathematical intuition, evaluation strategies, and practical implementation challenges in modern AI systems."
741,Graph Based Retrieval For Structured Knowledge Study 16,Graph ML,"This document discusses Graph based retrieval for structured knowledge. It focuses on graph ml and explains core methods, system design ideas, mathematical intuition, evaluation strategies, and practical implementation challenges in modern AI systems."
742,Graph Based Retrieval For Structured Knowledge Study 17,Graph ML,"This document discusses Graph based retrieval for structured knowledge. It focuses on graph ml and explains core methods, system design ideas, mathematical intuition, evaluation strategies, and practical implementation challenges in modern AI systems."
743,Graph Based Retrieval For Structured Knowledge Study 18,Graph ML,"This document discusses Graph based retrieval for structured knowledge. It focuses on graph ml and explains core methods, system design ideas, mathematical intuition, evaluation strategies, and practical implementation challenges in modern AI systems."
744,Graph Based Retrieval For Structured Knowledge Study 19,Graph ML,"This document discusses Graph based retrieval for structured knowledge. It focuses on graph ml and explains core methods, system design ideas, mathematical intuition, evaluation strategies, and practical implementation challenges in modern AI systems."
745,Graph Based Retrieval For Structured Knowledge Study 20,Graph ML,"This document discusses Graph based retrieval for structured knowledge. It focuses on graph ml and explains core methods, system design ideas, mathematical intuition, evaluation strategies, and practical implementation challenges in modern AI systems."
746,Graph Based Retrieval For Structured Knowledge Study 21,Graph ML,"This document discusses Graph based retrieval for structured knowledge. It focuses on graph ml and explains core methods, system design ideas, mathematical intuition, evaluation strategies, and practical implementation challenges in modern AI systems."
747,Graph Based Retrieval For Structured Knowledge Study 22,Graph ML,"This document discusses Graph based retrieval for structured knowledge. It focuses on graph ml and explains core methods, system design ideas, mathematical intuition, evaluation strategies, and practical implementation challenges in modern AI systems."
748,Graph Based Retrieval For Structured Knowledge Study 23,Graph ML,"This document discusses Graph based retrieval for structured knowledge. It focuses on graph ml and explains core methods, system design ideas, mathematical intuition, evaluation strategies, and practical implementation challenges in modern AI systems."
749,Graph Based Retrieval For Structured Knowledge Study 24,Graph ML,"This document discusses Graph based retrieval for structured knowledge. It focuses on graph ml and explains core methods, system design ideas, mathematical intuition, evaluation strategies, and practical implementation challenges in modern AI systems."
750,Graph Based Retrieval For Structured Knowledge Study 25,Graph ML,"This document discusses Graph based retrieval for structured knowledge. It focuses on graph ml and explains core methods, system design ideas, mathematical intuition, evaluation strategies, and practical implementation challenges in modern AI systems."
751,Hybrid Search In Modern Ai Applications Study 1,Search,"This document discusses Hybrid search in modern AI applications. It focuses on search and explains core methods, system design ideas, mathematical intuition, evaluation strategies, and practical implementation challenges in modern AI systems."
752,Hybrid Search In Modern Ai Applications Study 2,Search,"This document discusses Hybrid search in modern AI applications. It focuses on search and explains core methods, system design ideas, mathematical intuition, evaluation strategies, and practical implementation challenges in modern AI systems."
753,Hybrid Search In Modern Ai Applications Study 3,Search,"This document discusses Hybrid search in modern AI applications. It focuses on search and explains core methods, system design ideas, mathematical intuition, evaluation strategies, and practical implementation challenges in modern AI systems."
754,Hybrid Search In Modern Ai Applications Study 4,Search,"This document discusses Hybrid search in modern AI applications. It focuses on search and explains core methods, system design ideas, mathematical intuition, evaluation strategies, and practical implementation challenges in modern AI systems."
755,Hybrid Search In Modern Ai Applications Study 5,Search,"This document discusses Hybrid search in modern AI applications. It focuses on search and explains core methods, system design ideas, mathematical intuition, evaluation strategies, and practical implementation challenges in modern AI systems."
756,Hybrid Search In Modern Ai Applications Study 6,Search,"This document discusses Hybrid search in modern AI applications. It focuses on search and explains core methods, system design ideas, mathematical intuition, evaluation strategies, and practical implementation challenges in modern AI systems."
757,Hybrid Search In Modern Ai Applications Study 7,Search,"This document discusses Hybrid search in modern AI applications. It focuses on search and explains core methods, system design ideas, mathematical intuition, evaluation strategies, and practical implementation challenges in modern AI systems."
758,Hybrid Search In Modern Ai Applications Study 8,Search,"This document discusses Hybrid search in modern AI applications. It focuses on search and explains core methods, system design ideas, mathematical intuition, evaluation strategies, and practical implementation challenges in modern AI systems."
759,Hybrid Search In Modern Ai Applications Study 9,Search,"This document discusses Hybrid search in modern AI applications. It focuses on search and explains core methods, system design ideas, mathematical intuition, evaluation strategies, and practical implementation challenges in modern AI systems."
760,Hybrid Search In Modern Ai Applications Study 10,Search,"This document discusses Hybrid search in modern AI applications. It focuses on search and explains core methods, system design ideas, mathematical intuition, evaluation strategies, and practical implementation challenges in modern AI systems."
761,Hybrid Search In Modern Ai Applications Study 11,Search,"This document discusses Hybrid search in modern AI applications. It focuses on search and explains core methods, system design ideas, mathematical intuition, evaluation strategies, and practical implementation challenges in modern AI systems."
762,Hybrid Search In Modern Ai Applications Study 12,Search,"This document discusses Hybrid search in modern AI applications. It focuses on search and explains core methods, system design ideas, mathematical intuition, evaluation strategies, and practical implementation challenges in modern AI systems."
763,Hybrid Search In Modern Ai Applications Study 13,Search,"This document discusses Hybrid search in modern AI applications. It focuses on search and explains core methods, system design ideas, mathematical intuition, evaluation strategies, and practical implementation challenges in modern AI systems."
764,Hybrid Search In Modern Ai Applications Study 14,Search,"This document discusses Hybrid search in modern AI applications. It focuses on search and explains core methods, system design ideas, mathematical intuition, evaluation strategies, and practical implementation challenges in modern AI systems."
765,Hybrid Search In Modern Ai Applications Study 15,Search,"This document discusses Hybrid search in modern AI applications. It focuses on search and explains core methods, system design ideas, mathematical intuition, evaluation strategies, and practical implementation challenges in modern AI systems."
766,Hybrid Search In Modern Ai Applications Study 16,Search,"This document discusses Hybrid search in modern AI applications. It focuses on search and explains core methods, system design ideas, mathematical intuition, evaluation strategies, and practical implementation challenges in modern AI systems."
767,Hybrid Search In Modern Ai Applications Study 17,Search,"This document discusses Hybrid search in modern AI applications. It focuses on search and explains core methods, system design ideas, mathematical intuition, evaluation strategies, and practical implementation challenges in modern AI systems."
768,Hybrid Search In Modern Ai Applications Study 18,Search,"This document discusses Hybrid search in modern AI applications. It focuses on search and explains core methods, system design ideas, mathematical intuition, evaluation strategies, and practical implementation challenges in modern AI systems."
769,Hybrid Search In Modern Ai Applications Study 19,Search,"This document discusses Hybrid search in modern AI applications. It focuses on search and explains core methods, system design ideas, mathematical intuition, evaluation strategies, and practical implementation challenges in modern AI systems."
770,Hybrid Search In Modern Ai Applications Study 20,Search,"This document discusses Hybrid search in modern AI applications. It focuses on search and explains core methods, system design ideas, mathematical intuition, evaluation strategies, and practical implementation challenges in modern AI systems."
771,Hybrid Search In Modern Ai Applications Study 21,Search,"This document discusses Hybrid search in modern AI applications. It focuses on search and explains core methods, system design ideas, mathematical intuition, evaluation strategies, and practical implementation challenges in modern AI systems."
772,Hybrid Search In Modern Ai Applications Study 22,Search,"This document discusses Hybrid search in modern AI applications. It focuses on search and explains core methods, system design ideas, mathematical intuition, evaluation strategies, and practical implementation challenges in modern AI systems."
773,Hybrid Search In Modern Ai Applications Study 23,Search,"This document discusses Hybrid search in modern AI applications. It focuses on search and explains core methods, system design ideas, mathematical intuition, evaluation strategies, and practical implementation challenges in modern AI systems."
774,Hybrid Search In Modern Ai Applications Study 24,Search,"This document discusses Hybrid search in modern AI applications. It focuses on search and explains core methods, system design ideas, mathematical intuition, evaluation strategies, and practical implementation challenges in modern AI systems."
775,Hybrid Search In Modern Ai Applications Study 25,Search,"This document discusses Hybrid search in modern AI applications. It focuses on search and explains core methods, system design ideas, mathematical intuition, evaluation strategies, and practical implementation challenges in modern AI systems."
776,Keyword And Semantic Search Fusion Study 1,Search,"This document discusses Keyword and semantic search fusion. It focuses on search and explains core methods, system design ideas, mathematical intuition, evaluation strategies, and practical implementation challenges in modern AI systems."
777,Keyword And Semantic Search Fusion Study 2,Search,"This document discusses Keyword and semantic search fusion. It focuses on search and explains core methods, system design ideas, mathematical intuition, evaluation strategies, and practical implementation challenges in modern AI systems."
778,Keyword And Semantic Search Fusion Study 3,Search,"This document discusses Keyword and semantic search fusion. It focuses on search and explains core methods, system design ideas, mathematical intuition, evaluation strategies, and practical implementation challenges in modern AI systems."
779,Keyword And Semantic Search Fusion Study 4,Search,"This document discusses Keyword and semantic search fusion. It focuses on search and explains core methods, system design ideas, mathematical intuition, evaluation strategies, and practical implementation challenges in modern AI systems."
780,Keyword And Semantic Search Fusion Study 5,Search,"This document discusses Keyword and semantic search fusion. It focuses on search and explains core methods, system design ideas, mathematical intuition, evaluation strategies, and practical implementation challenges in modern AI systems."
781,Keyword And Semantic Search Fusion Study 6,Search,"This document discusses Keyword and semantic search fusion. It focuses on search and explains core methods, system design ideas, mathematical intuition, evaluation strategies, and practical implementation challenges in modern AI systems."
782,Keyword And Semantic Search Fusion Study 7,Search,"This document discusses Keyword and semantic search fusion. It focuses on search and explains core methods, system design ideas, mathematical intuition, evaluation strategies, and practical implementation challenges in modern AI systems."
783,Keyword And Semantic Search Fusion Study 8,Search,"This document discusses Keyword and semantic search fusion. It focuses on search and explains core methods, system design ideas, mathematical intuition, evaluation strategies, and practical implementation challenges in modern AI systems."
784,Keyword And Semantic Search Fusion Study 9,Search,"This document discusses Keyword and semantic search fusion. It focuses on search and explains core methods, system design ideas, mathematical intuition, evaluation strategies, and practical implementation challenges in modern AI systems."
785,Keyword And Semantic Search Fusion Study 10,Search,"This document discusses Keyword and semantic search fusion. It focuses on search and explains core methods, system design ideas, mathematical intuition, evaluation strategies, and practical implementation challenges in modern AI systems."
786,Keyword And Semantic Search Fusion Study 11,Search,"This document discusses Keyword and semantic search fusion. It focuses on search and explains core methods, system design ideas, mathematical intuition, evaluation strategies, and practical implementation challenges in modern AI systems."
787,Keyword And Semantic Search Fusion Study 12,Search,"This document discusses Keyword and semantic search fusion. It focuses on search and explains core methods, system design ideas, mathematical intuition, evaluation strategies, and practical implementation challenges in modern AI systems."
788,Keyword And Semantic Search Fusion Study 13,Search,"This document discusses Keyword and semantic search fusion. It focuses on search and explains core methods, system design ideas, mathematical intuition, evaluation strategies, and practical implementation challenges in modern AI systems."
789,Keyword And Semantic Search Fusion Study 14,Search,"This document discusses Keyword and semantic search fusion. It focuses on search and explains core methods, system design ideas, mathematical intuition, evaluation strategies, and practical implementation challenges in modern AI systems."
790,Keyword And Semantic Search Fusion Study 15,Search,"This document discusses Keyword and semantic search fusion. It focuses on search and explains core methods, system design ideas, mathematical intuition, evaluation strategies, and practical implementation challenges in modern AI systems."
791,Keyword And Semantic Search Fusion Study 16,Search,"This document discusses Keyword and semantic search fusion. It focuses on search and explains core methods, system design ideas, mathematical intuition, evaluation strategies, and practical implementation challenges in modern AI systems."
792,Keyword And Semantic Search Fusion Study 17,Search,"This document discusses Keyword and semantic search fusion. It focuses on search and explains core methods, system design ideas, mathematical intuition, evaluation strategies, and practical implementation challenges in modern AI systems."
793,Keyword And Semantic Search Fusion Study 18,Search,"This document discusses Keyword and semantic search fusion. It focuses on search and explains core methods, system design ideas, mathematical intuition, evaluation strategies, and practical implementation challenges in modern AI systems."
794,Keyword And Semantic Search Fusion Study 19,Search,"This document discusses Keyword and semantic search fusion. It focuses on search and explains core methods, system design ideas, mathematical intuition, evaluation strategies, and practical implementation challenges in modern AI systems."
795,Keyword And Semantic Search Fusion Study 20,Search,"This document discusses Keyword and semantic search fusion. It focuses on search and explains core methods, system design ideas, mathematical intuition, evaluation strategies, and practical implementation challenges in modern AI systems."
796,Keyword And Semantic Search Fusion Study 21,Search,"This document discusses Keyword and semantic search fusion. It focuses on search and explains core methods, system design ideas, mathematical intuition, evaluation strategies, and practical implementation challenges in modern AI systems."
797,Keyword And Semantic Search Fusion Study 22,Search,"This document discusses Keyword and semantic search fusion. It focuses on search and explains core methods, system design ideas, mathematical intuition, evaluation strategies, and practical implementation challenges in modern AI systems."
798,Keyword And Semantic Search Fusion Study 23,Search,"This document discusses Keyword and semantic search fusion. It focuses on search and explains core methods, system design ideas, mathematical intuition, evaluation strategies, and practical implementation challenges in modern AI systems."
799,Keyword And Semantic Search Fusion Study 24,Search,"This document discusses Keyword and semantic search fusion. It focuses on search and explains core methods, system design ideas, mathematical intuition, evaluation strategies, and practical implementation challenges in modern AI systems."
800,Keyword And Semantic Search Fusion Study 25,Search,"This document discusses Keyword and semantic search fusion. It focuses on search and explains core methods, system design ideas, mathematical intuition, evaluation strategies, and practical implementation challenges in modern AI systems."
801,Learning To Rank For Search Engines Study 1,Search,"This document discusses Learning to rank for search engines. It focuses on search and explains core methods, system design ideas, mathematical intuition, evaluation strategies, and practical implementation challenges in modern AI systems."
802,Learning To Rank For Search Engines Study 2,Search,"This document discusses Learning to rank for search engines. It focuses on search and explains core methods, system design ideas, mathematical intuition, evaluation strategies, and practical implementation challenges in modern AI systems."
803,Learning To Rank For Search Engines Study 3,Search,"This document discusses Learning to rank for search engines. It focuses on search and explains core methods, system design ideas, mathematical intuition, evaluation strategies, and practical implementation challenges in modern AI systems."
804,Learning To Rank For Search Engines Study 4,Search,"This document discusses Learning to rank for search engines. It focuses on search and explains core methods, system design ideas, mathematical intuition, evaluation strategies, and practical implementation challenges in modern AI systems."
805,Learning To Rank For Search Engines Study 5,Search,"This document discusses Learning to rank for search engines. It focuses on search and explains core methods, system design ideas, mathematical intuition, evaluation strategies, and practical implementation challenges in modern AI systems."
806,Learning To Rank For Search Engines Study 6,Search,"This document discusses Learning to rank for search engines. It focuses on search and explains core methods, system design ideas, mathematical intuition, evaluation strategies, and practical implementation challenges in modern AI systems."
807,Learning To Rank For Search Engines Study 7,Search,"This document discusses Learning to rank for search engines. It focuses on search and explains core methods, system design ideas, mathematical intuition, evaluation strategies, and practical implementation challenges in modern AI systems."
808,Learning To Rank For Search Engines Study 8,Search,"This document discusses Learning to rank for search engines. It focuses on search and explains core methods, system design ideas, mathematical intuition, evaluation strategies, and practical implementation challenges in modern AI systems."
809,Learning To Rank For Search Engines Study 9,Search,"This document discusses Learning to rank for search engines. It focuses on search and explains core methods, system design ideas, mathematical intuition, evaluation strategies, and practical implementation challenges in modern AI systems."
810,Learning To Rank For Search Engines Study 10,Search,"This document discusses Learning to rank for search engines. It focuses on search and explains core methods, system design ideas, mathematical intuition, evaluation strategies, and practical implementation challenges in modern AI systems."
811,Learning To Rank For Search Engines Study 11,Search,"This document discusses Learning to rank for search engines. It focuses on search and explains core methods, system design ideas, mathematical intuition, evaluation strategies, and practical implementation challenges in modern AI systems."
812,Learning To Rank For Search Engines Study 12,Search,"This document discusses Learning to rank for search engines. It focuses on search and explains core methods, system design ideas, mathematical intuition, evaluation strategies, and practical implementation challenges in modern AI systems."
813,Learning To Rank For Search Engines Study 13,Search,"This document discusses Learning to rank for search engines. It focuses on search and explains core methods, system design ideas, mathematical intuition, evaluation strategies, and practical implementation challenges in modern AI systems."
814,Learning To Rank For Search Engines Study 14,Search,"This document discusses Learning to rank for search engines. It focuses on search and explains core methods, system design ideas, mathematical intuition, evaluation strategies, and practical implementation challenges in modern AI systems."
815,Learning To Rank For Search Engines Study 15,Search,"This document discusses Learning to rank for search engines. It focuses on search and explains core methods, system design ideas, mathematical intuition, evaluation strategies, and practical implementation challenges in modern AI systems."
816,Learning To Rank For Search Engines Study 16,Search,"This document discusses Learning to rank for search engines. It focuses on search and explains core methods, system design ideas, mathematical intuition, evaluation strategies, and practical implementation challenges in modern AI systems."
817,Learning To Rank For Search Engines Study 17,Search,"This document discusses Learning to rank for search engines. It focuses on search and explains core methods, system design ideas, mathematical intuition, evaluation strategies, and practical implementation challenges in modern AI systems."
818,Learning To Rank For Search Engines Study 18,Search,"This document discusses Learning to rank for search engines. It focuses on search and explains core methods, system design ideas, mathematical intuition, evaluation strategies, and practical implementation challenges in modern AI systems."
819,Learning To Rank For Search Engines Study 19,Search,"This document discusses Learning to rank for search engines. It focuses on search and explains core methods, system design ideas, mathematical intuition, evaluation strategies, and practical implementation challenges in modern AI systems."
820,Learning To Rank For Search Engines Study 20,Search,"This document discusses Learning to rank for search engines. It focuses on search and explains core methods, system design ideas, mathematical intuition, evaluation strategies, and practical implementation challenges in modern AI systems."
821,Learning To Rank For Search Engines Study 21,Search,"This document discusses Learning to rank for search engines. It focuses on search and explains core methods, system design ideas, mathematical intuition, evaluation strategies, and practical implementation challenges in modern AI systems."
822,Learning To Rank For Search Engines Study 22,Search,"This document discusses Learning to rank for search engines. It focuses on search and explains core methods, system design ideas, mathematical intuition, evaluation strategies, and practical implementation challenges in modern AI systems."
823,Learning To Rank For Search Engines Study 23,Search,"This document discusses Learning to rank for search engines. It focuses on search and explains core methods, system design ideas, mathematical intuition, evaluation strategies, and practical implementation challenges in modern AI systems."
824,Learning To Rank For Search Engines Study 24,Search,"This document discusses Learning to rank for search engines. It focuses on search and explains core methods, system design ideas, mathematical intuition, evaluation strategies, and practical implementation challenges in modern AI systems."
825,Learning To Rank For Search Engines Study 25,Search,"This document discusses Learning to rank for search engines. It focuses on search and explains core methods, system design ideas, mathematical intuition, evaluation strategies, and practical implementation challenges in modern AI systems."
826,Search Relevance Optimization Using User Feedback Study 1,Search,"This document discusses Search relevance optimization using user feedback. It focuses on search and explains core methods, system design ideas, mathematical intuition, evaluation strategies, and practical implementation challenges in modern AI systems."
827,Search Relevance Optimization Using User Feedback Study 2,Search,"This document discusses Search relevance optimization using user feedback. It focuses on search and explains core methods, system design ideas, mathematical intuition, evaluation strategies, and practical implementation challenges in modern AI systems."
828,Search Relevance Optimization Using User Feedback Study 3,Search,"This document discusses Search relevance optimization using user feedback. It focuses on search and explains core methods, system design ideas, mathematical intuition, evaluation strategies, and practical implementation challenges in modern AI systems."
829,Search Relevance Optimization Using User Feedback Study 4,Search,"This document discusses Search relevance optimization using user feedback. It focuses on search and explains core methods, system design ideas, mathematical intuition, evaluation strategies, and practical implementation challenges in modern AI systems."
830,Search Relevance Optimization Using User Feedback Study 5,Search,"This document discusses Search relevance optimization using user feedback. It focuses on search and explains core methods, system design ideas, mathematical intuition, evaluation strategies, and practical implementation challenges in modern AI systems."
831,Search Relevance Optimization Using User Feedback Study 6,Search,"This document discusses Search relevance optimization using user feedback. It focuses on search and explains core methods, system design ideas, mathematical intuition, evaluation strategies, and practical implementation challenges in modern AI systems."
832,Search Relevance Optimization Using User Feedback Study 7,Search,"This document discusses Search relevance optimization using user feedback. It focuses on search and explains core methods, system design ideas, mathematical intuition, evaluation strategies, and practical implementation challenges in modern AI systems."
833,Search Relevance Optimization Using User Feedback Study 8,Search,"This document discusses Search relevance optimization using user feedback. It focuses on search and explains core methods, system design ideas, mathematical intuition, evaluation strategies, and practical implementation challenges in modern AI systems."
834,Search Relevance Optimization Using User Feedback Study 9,Search,"This document discusses Search relevance optimization using user feedback. It focuses on search and explains core methods, system design ideas, mathematical intuition, evaluation strategies, and practical implementation challenges in modern AI systems."
835,Search Relevance Optimization Using User Feedback Study 10,Search,"This document discusses Search relevance optimization using user feedback. It focuses on search and explains core methods, system design ideas, mathematical intuition, evaluation strategies, and practical implementation challenges in modern AI systems."
836,Search Relevance Optimization Using User Feedback Study 11,Search,"This document discusses Search relevance optimization using user feedback. It focuses on search and explains core methods, system design ideas, mathematical intuition, evaluation strategies, and practical implementation challenges in modern AI systems."
837,Search Relevance Optimization Using User Feedback Study 12,Search,"This document discusses Search relevance optimization using user feedback. It focuses on search and explains core methods, system design ideas, mathematical intuition, evaluation strategies, and practical implementation challenges in modern AI systems."
838,Search Relevance Optimization Using User Feedback Study 13,Search,"This document discusses Search relevance optimization using user feedback. It focuses on search and explains core methods, system design ideas, mathematical intuition, evaluation strategies, and practical implementation challenges in modern AI systems."
839,Search Relevance Optimization Using User Feedback Study 14,Search,"This document discusses Search relevance optimization using user feedback. It focuses on search and explains core methods, system design ideas, mathematical intuition, evaluation strategies, and practical implementation challenges in modern AI systems."
840,Search Relevance Optimization Using User Feedback Study 15,Search,"This document discusses Search relevance optimization using user feedback. It focuses on search and explains core methods, system design ideas, mathematical intuition, evaluation strategies, and practical implementation challenges in modern AI systems."
841,Search Relevance Optimization Using User Feedback Study 16,Search,"This document discusses Search relevance optimization using user feedback. It focuses on search and explains core methods, system design ideas, mathematical intuition, evaluation strategies, and practical implementation challenges in modern AI systems."
842,Search Relevance Optimization Using User Feedback Study 17,Search,"This document discusses Search relevance optimization using user feedback. It focuses on search and explains core methods, system design ideas, mathematical intuition, evaluation strategies, and practical implementation challenges in modern AI systems."
843,Search Relevance Optimization Using User Feedback Study 18,Search,"This document discusses Search relevance optimization using user feedback. It focuses on search and explains core methods, system design ideas, mathematical intuition, evaluation strategies, and practical implementation challenges in modern AI systems."
844,Search Relevance Optimization Using User Feedback Study 19,Search,"This document discusses Search relevance optimization using user feedback. It focuses on search and explains core methods, system design ideas, mathematical intuition, evaluation strategies, and practical implementation challenges in modern AI systems."
845,Search Relevance Optimization Using User Feedback Study 20,Search,"This document discusses Search relevance optimization using user feedback. It focuses on search and explains core methods, system design ideas, mathematical intuition, evaluation strategies, and practical implementation challenges in modern AI systems."
846,Search Relevance Optimization Using User Feedback Study 21,Search,"This document discusses Search relevance optimization using user feedback. It focuses on search and explains core methods, system design ideas, mathematical intuition, evaluation strategies, and practical implementation challenges in modern AI systems."
847,Search Relevance Optimization Using User Feedback Study 22,Search,"This document discusses Search relevance optimization using user feedback. It focuses on search and explains core methods, system design ideas, mathematical intuition, evaluation strategies, and practical implementation challenges in modern AI systems."
848,Search Relevance Optimization Using User Feedback Study 23,Search,"This document discusses Search relevance optimization using user feedback. It focuses on search and explains core methods, system design ideas, mathematical intuition, evaluation strategies, and practical implementation challenges in modern AI systems."
849,Search Relevance Optimization Using User Feedback Study 24,Search,"This document discusses Search relevance optimization using user feedback. It focuses on search and explains core methods, system design ideas, mathematical intuition, evaluation strategies, and practical implementation challenges in modern AI systems."
850,Search Relevance Optimization Using User Feedback Study 25,Search,"This document discusses Search relevance optimization using user feedback. It focuses on search and explains core methods, system design ideas, mathematical intuition, evaluation strategies, and practical implementation challenges in modern AI systems."
851,Query Understanding For Information Retrieval Study 1,Search,"This document discusses Query understanding for information retrieval. It focuses on search and explains core methods, system design ideas, mathematical intuition, evaluation strategies, and practical implementation challenges in modern AI systems."
852,Query Understanding For Information Retrieval Study 2,Search,"This document discusses Query understanding for information retrieval. It focuses on search and explains core methods, system design ideas, mathematical intuition, evaluation strategies, and practical implementation challenges in modern AI systems."
853,Query Understanding For Information Retrieval Study 3,Search,"This document discusses Query understanding for information retrieval. It focuses on search and explains core methods, system design ideas, mathematical intuition, evaluation strategies, and practical implementation challenges in modern AI systems."
854,Query Understanding For Information Retrieval Study 4,Search,"This document discusses Query understanding for information retrieval. It focuses on search and explains core methods, system design ideas, mathematical intuition, evaluation strategies, and practical implementation challenges in modern AI systems."
855,Query Understanding For Information Retrieval Study 5,Search,"This document discusses Query understanding for information retrieval. It focuses on search and explains core methods, system design ideas, mathematical intuition, evaluation strategies, and practical implementation challenges in modern AI systems."
856,Query Understanding For Information Retrieval Study 6,Search,"This document discusses Query understanding for information retrieval. It focuses on search and explains core methods, system design ideas, mathematical intuition, evaluation strategies, and practical implementation challenges in modern AI systems."
857,Query Understanding For Information Retrieval Study 7,Search,"This document discusses Query understanding for information retrieval. It focuses on search and explains core methods, system design ideas, mathematical intuition, evaluation strategies, and practical implementation challenges in modern AI systems."
858,Query Understanding For Information Retrieval Study 8,Search,"This document discusses Query understanding for information retrieval. It focuses on search and explains core methods, system design ideas, mathematical intuition, evaluation strategies, and practical implementation challenges in modern AI systems."
859,Query Understanding For Information Retrieval Study 9,Search,"This document discusses Query understanding for information retrieval. It focuses on search and explains core methods, system design ideas, mathematical intuition, evaluation strategies, and practical implementation challenges in modern AI systems."
860,Query Understanding For Information Retrieval Study 10,Search,"This document discusses Query understanding for information retrieval. It focuses on search and explains core methods, system design ideas, mathematical intuition, evaluation strategies, and practical implementation challenges in modern AI systems."
861,Query Understanding For Information Retrieval Study 11,Search,"This document discusses Query understanding for information retrieval. It focuses on search and explains core methods, system design ideas, mathematical intuition, evaluation strategies, and practical implementation challenges in modern AI systems."
862,Query Understanding For Information Retrieval Study 12,Search,"This document discusses Query understanding for information retrieval. It focuses on search and explains core methods, system design ideas, mathematical intuition, evaluation strategies, and practical implementation challenges in modern AI systems."
863,Query Understanding For Information Retrieval Study 13,Search,"This document discusses Query understanding for information retrieval. It focuses on search and explains core methods, system design ideas, mathematical intuition, evaluation strategies, and practical implementation challenges in modern AI systems."
864,Query Understanding For Information Retrieval Study 14,Search,"This document discusses Query understanding for information retrieval. It focuses on search and explains core methods, system design ideas, mathematical intuition, evaluation strategies, and practical implementation challenges in modern AI systems."
865,Query Understanding For Information Retrieval Study 15,Search,"This document discusses Query understanding for information retrieval. It focuses on search and explains core methods, system design ideas, mathematical intuition, evaluation strategies, and practical implementation challenges in modern AI systems."
866,Query Understanding For Information Retrieval Study 16,Search,"This document discusses Query understanding for information retrieval. It focuses on search and explains core methods, system design ideas, mathematical intuition, evaluation strategies, and practical implementation challenges in modern AI systems."
867,Query Understanding For Information Retrieval Study 17,Search,"This document discusses Query understanding for information retrieval. It focuses on search and explains core methods, system design ideas, mathematical intuition, evaluation strategies, and practical implementation challenges in modern AI systems."
868,Query Understanding For Information Retrieval Study 18,Search,"This document discusses Query understanding for information retrieval. It focuses on search and explains core methods, system design ideas, mathematical intuition, evaluation strategies, and practical implementation challenges in modern AI systems."
869,Query Understanding For Information Retrieval Study 19,Search,"This document discusses Query understanding for information retrieval. It focuses on search and explains core methods, system design ideas, mathematical intuition, evaluation strategies, and practical implementation challenges in modern AI systems."
870,Query Understanding For Information Retrieval Study 20,Search,"This document discusses Query understanding for information retrieval. It focuses on search and explains core methods, system design ideas, mathematical intuition, evaluation strategies, and practical implementation challenges in modern AI systems."
871,Query Understanding For Information Retrieval Study 21,Search,"This document discusses Query understanding for information retrieval. It focuses on search and explains core methods, system design ideas, mathematical intuition, evaluation strategies, and practical implementation challenges in modern AI systems."
872,Query Understanding For Information Retrieval Study 22,Search,"This document discusses Query understanding for information retrieval. It focuses on search and explains core methods, system design ideas, mathematical intuition, evaluation strategies, and practical implementation challenges in modern AI systems."
873,Query Understanding For Information Retrieval Study 23,Search,"This document discusses Query understanding for information retrieval. It focuses on search and explains core methods, system design ideas, mathematical intuition, evaluation strategies, and practical implementation challenges in modern AI systems."
874,Query Understanding For Information Retrieval Study 24,Search,"This document discusses Query understanding for information retrieval. It focuses on search and explains core methods, system design ideas, mathematical intuition, evaluation strategies, and practical implementation challenges in modern AI systems."
875,Query Understanding For Information Retrieval Study 25,Search,"This document discusses Query understanding for information retrieval. It focuses on search and explains core methods, system design ideas, mathematical intuition, evaluation strategies, and practical implementation challenges in modern AI systems."
876,Model Deployment Pipelines For Machine Learning Study 1,MLOps,"This document discusses Model deployment pipelines for machine learning. It focuses on mlops and explains core methods, system design ideas, mathematical intuition, evaluation strategies, and practical implementation challenges in modern AI systems."
877,Model Deployment Pipelines For Machine Learning Study 2,MLOps,"This document discusses Model deployment pipelines for machine learning. It focuses on mlops and explains core methods, system design ideas, mathematical intuition, evaluation strategies, and practical implementation challenges in modern AI systems."
878,Model Deployment Pipelines For Machine Learning Study 3,MLOps,"This document discusses Model deployment pipelines for machine learning. It focuses on mlops and explains core methods, system design ideas, mathematical intuition, evaluation strategies, and practical implementation challenges in modern AI systems."
879,Model Deployment Pipelines For Machine Learning Study 4,MLOps,"This document discusses Model deployment pipelines for machine learning. It focuses on mlops and explains core methods, system design ideas, mathematical intuition, evaluation strategies, and practical implementation challenges in modern AI systems."
880,Model Deployment Pipelines For Machine Learning Study 5,MLOps,"This document discusses Model deployment pipelines for machine learning. It focuses on mlops and explains core methods, system design ideas, mathematical intuition, evaluation strategies, and practical implementation challenges in modern AI systems."
881,Model Deployment Pipelines For Machine Learning Study 6,MLOps,"This document discusses Model deployment pipelines for machine learning. It focuses on mlops and explains core methods, system design ideas, mathematical intuition, evaluation strategies, and practical implementation challenges in modern AI systems."
882,Model Deployment Pipelines For Machine Learning Study 7,MLOps,"This document discusses Model deployment pipelines for machine learning. It focuses on mlops and explains core methods, system design ideas, mathematical intuition, evaluation strategies, and practical implementation challenges in modern AI systems."
883,Model Deployment Pipelines For Machine Learning Study 8,MLOps,"This document discusses Model deployment pipelines for machine learning. It focuses on mlops and explains core methods, system design ideas, mathematical intuition, evaluation strategies, and practical implementation challenges in modern AI systems."
884,Model Deployment Pipelines For Machine Learning Study 9,MLOps,"This document discusses Model deployment pipelines for machine learning. It focuses on mlops and explains core methods, system design ideas, mathematical intuition, evaluation strategies, and practical implementation challenges in modern AI systems."
885,Model Deployment Pipelines For Machine Learning Study 10,MLOps,"This document discusses Model deployment pipelines for machine learning. It focuses on mlops and explains core methods, system design ideas, mathematical intuition, evaluation strategies, and practical implementation challenges in modern AI systems."
886,Model Deployment Pipelines For Machine Learning Study 11,MLOps,"This document discusses Model deployment pipelines for machine learning. It focuses on mlops and explains core methods, system design ideas, mathematical intuition, evaluation strategies, and practical implementation challenges in modern AI systems."
887,Model Deployment Pipelines For Machine Learning Study 12,MLOps,"This document discusses Model deployment pipelines for machine learning. It focuses on mlops and explains core methods, system design ideas, mathematical intuition, evaluation strategies, and practical implementation challenges in modern AI systems."
888,Model Deployment Pipelines For Machine Learning Study 13,MLOps,"This document discusses Model deployment pipelines for machine learning. It focuses on mlops and explains core methods, system design ideas, mathematical intuition, evaluation strategies, and practical implementation challenges in modern AI systems."
889,Model Deployment Pipelines For Machine Learning Study 14,MLOps,"This document discusses Model deployment pipelines for machine learning. It focuses on mlops and explains core methods, system design ideas, mathematical intuition, evaluation strategies, and practical implementation challenges in modern AI systems."
890,Model Deployment Pipelines For Machine Learning Study 15,MLOps,"This document discusses Model deployment pipelines for machine learning. It focuses on mlops and explains core methods, system design ideas, mathematical intuition, evaluation strategies, and practical implementation challenges in modern AI systems."
891,Model Deployment Pipelines For Machine Learning Study 16,MLOps,"This document discusses Model deployment pipelines for machine learning. It focuses on mlops and explains core methods, system design ideas, mathematical intuition, evaluation strategies, and practical implementation challenges in modern AI systems."
892,Model Deployment Pipelines For Machine Learning Study 17,MLOps,"This document discusses Model deployment pipelines for machine learning. It focuses on mlops and explains core methods, system design ideas, mathematical intuition, evaluation strategies, and practical implementation challenges in modern AI systems."
893,Model Deployment Pipelines For Machine Learning Study 18,MLOps,"This document discusses Model deployment pipelines for machine learning. It focuses on mlops and explains core methods, system design ideas, mathematical intuition, evaluation strategies, and practical implementation challenges in modern AI systems."
894,Model Deployment Pipelines For Machine Learning Study 19,MLOps,"This document discusses Model deployment pipelines for machine learning. It focuses on mlops and explains core methods, system design ideas, mathematical intuition, evaluation strategies, and practical implementation challenges in modern AI systems."
895,Model Deployment Pipelines For Machine Learning Study 20,MLOps,"This document discusses Model deployment pipelines for machine learning. It focuses on mlops and explains core methods, system design ideas, mathematical intuition, evaluation strategies, and practical implementation challenges in modern AI systems."
896,Model Deployment Pipelines For Machine Learning Study 21,MLOps,"This document discusses Model deployment pipelines for machine learning. It focuses on mlops and explains core methods, system design ideas, mathematical intuition, evaluation strategies, and practical implementation challenges in modern AI systems."
897,Model Deployment Pipelines For Machine Learning Study 22,MLOps,"This document discusses Model deployment pipelines for machine learning. It focuses on mlops and explains core methods, system design ideas, mathematical intuition, evaluation strategies, and practical implementation challenges in modern AI systems."
898,Model Deployment Pipelines For Machine Learning Study 23,MLOps,"This document discusses Model deployment pipelines for machine learning. It focuses on mlops and explains core methods, system design ideas, mathematical intuition, evaluation strategies, and practical implementation challenges in modern AI systems."
899,Model Deployment Pipelines For Machine Learning Study 24,MLOps,"This document discusses Model deployment pipelines for machine learning. It focuses on mlops and explains core methods, system design ideas, mathematical intuition, evaluation strategies, and practical implementation challenges in modern AI systems."
900,Model Deployment Pipelines For Machine Learning Study 25,MLOps,"This document discusses Model deployment pipelines for machine learning. It focuses on mlops and explains core methods, system design ideas, mathematical intuition, evaluation strategies, and practical implementation challenges in modern AI systems."
901,Monitoring Embedding Drift In Production Systems Study 1,MLOps,"This document discusses Monitoring embedding drift in production systems. It focuses on mlops and explains core methods, system design ideas, mathematical intuition, evaluation strategies, and practical implementation challenges in modern AI systems."
902,Monitoring Embedding Drift In Production Systems Study 2,MLOps,"This document discusses Monitoring embedding drift in production systems. It focuses on mlops and explains core methods, system design ideas, mathematical intuition, evaluation strategies, and practical implementation challenges in modern AI systems."
903,Monitoring Embedding Drift In Production Systems Study 3,MLOps,"This document discusses Monitoring embedding drift in production systems. It focuses on mlops and explains core methods, system design ideas, mathematical intuition, evaluation strategies, and practical implementation challenges in modern AI systems."
904,Monitoring Embedding Drift In Production Systems Study 4,MLOps,"This document discusses Monitoring embedding drift in production systems. It focuses on mlops and explains core methods, system design ideas, mathematical intuition, evaluation strategies, and practical implementation challenges in modern AI systems."
905,Monitoring Embedding Drift In Production Systems Study 5,MLOps,"This document discusses Monitoring embedding drift in production systems. It focuses on mlops and explains core methods, system design ideas, mathematical intuition, evaluation strategies, and practical implementation challenges in modern AI systems."
906,Monitoring Embedding Drift In Production Systems Study 6,MLOps,"This document discusses Monitoring embedding drift in production systems. It focuses on mlops and explains core methods, system design ideas, mathematical intuition, evaluation strategies, and practical implementation challenges in modern AI systems."
907,Monitoring Embedding Drift In Production Systems Study 7,MLOps,"This document discusses Monitoring embedding drift in production systems. It focuses on mlops and explains core methods, system design ideas, mathematical intuition, evaluation strategies, and practical implementation challenges in modern AI systems."
908,Monitoring Embedding Drift In Production Systems Study 8,MLOps,"This document discusses Monitoring embedding drift in production systems. It focuses on mlops and explains core methods, system design ideas, mathematical intuition, evaluation strategies, and practical implementation challenges in modern AI systems."
909,Monitoring Embedding Drift In Production Systems Study 9,MLOps,"This document discusses Monitoring embedding drift in production systems. It focuses on mlops and explains core methods, system design ideas, mathematical intuition, evaluation strategies, and practical implementation challenges in modern AI systems."
910,Monitoring Embedding Drift In Production Systems Study 10,MLOps,"This document discusses Monitoring embedding drift in production systems. It focuses on mlops and explains core methods, system design ideas, mathematical intuition, evaluation strategies, and practical implementation challenges in modern AI systems."
911,Monitoring Embedding Drift In Production Systems Study 11,MLOps,"This document discusses Monitoring embedding drift in production systems. It focuses on mlops and explains core methods, system design ideas, mathematical intuition, evaluation strategies, and practical implementation challenges in modern AI systems."
912,Monitoring Embedding Drift In Production Systems Study 12,MLOps,"This document discusses Monitoring embedding drift in production systems. It focuses on mlops and explains core methods, system design ideas, mathematical intuition, evaluation strategies, and practical implementation challenges in modern AI systems."
913,Monitoring Embedding Drift In Production Systems Study 13,MLOps,"This document discusses Monitoring embedding drift in production systems. It focuses on mlops and explains core methods, system design ideas, mathematical intuition, evaluation strategies, and practical implementation challenges in modern AI systems."
914,Monitoring Embedding Drift In Production Systems Study 14,MLOps,"This document discusses Monitoring embedding drift in production systems. It focuses on mlops and explains core methods, system design ideas, mathematical intuition, evaluation strategies, and practical implementation challenges in modern AI systems."
915,Monitoring Embedding Drift In Production Systems Study 15,MLOps,"This document discusses Monitoring embedding drift in production systems. It focuses on mlops and explains core methods, system design ideas, mathematical intuition, evaluation strategies, and practical implementation challenges in modern AI systems."
916,Monitoring Embedding Drift In Production Systems Study 16,MLOps,"This document discusses Monitoring embedding drift in production systems. It focuses on mlops and explains core methods, system design ideas, mathematical intuition, evaluation strategies, and practical implementation challenges in modern AI systems."
917,Monitoring Embedding Drift In Production Systems Study 17,MLOps,"This document discusses Monitoring embedding drift in production systems. It focuses on mlops and explains core methods, system design ideas, mathematical intuition, evaluation strategies, and practical implementation challenges in modern AI systems."
918,Monitoring Embedding Drift In Production Systems Study 18,MLOps,"This document discusses Monitoring embedding drift in production systems. It focuses on mlops and explains core methods, system design ideas, mathematical intuition, evaluation strategies, and practical implementation challenges in modern AI systems."
919,Monitoring Embedding Drift In Production Systems Study 19,MLOps,"This document discusses Monitoring embedding drift in production systems. It focuses on mlops and explains core methods, system design ideas, mathematical intuition, evaluation strategies, and practical implementation challenges in modern AI systems."
920,Monitoring Embedding Drift In Production Systems Study 20,MLOps,"This document discusses Monitoring embedding drift in production systems. It focuses on mlops and explains core methods, system design ideas, mathematical intuition, evaluation strategies, and practical implementation challenges in modern AI systems."
921,Monitoring Embedding Drift In Production Systems Study 21,MLOps,"This document discusses Monitoring embedding drift in production systems. It focuses on mlops and explains core methods, system design ideas, mathematical intuition, evaluation strategies, and practical implementation challenges in modern AI systems."
922,Monitoring Embedding Drift In Production Systems Study 22,MLOps,"This document discusses Monitoring embedding drift in production systems. It focuses on mlops and explains core methods, system design ideas, mathematical intuition, evaluation strategies, and practical implementation challenges in modern AI systems."
923,Monitoring Embedding Drift In Production Systems Study 23,MLOps,"This document discusses Monitoring embedding drift in production systems. It focuses on mlops and explains core methods, system design ideas, mathematical intuition, evaluation strategies, and practical implementation challenges in modern AI systems."
924,Monitoring Embedding Drift In Production Systems Study 24,MLOps,"This document discusses Monitoring embedding drift in production systems. It focuses on mlops and explains core methods, system design ideas, mathematical intuition, evaluation strategies, and practical implementation challenges in modern AI systems."
925,Monitoring Embedding Drift In Production Systems Study 25,MLOps,"This document discusses Monitoring embedding drift in production systems. It focuses on mlops and explains core methods, system design ideas, mathematical intuition, evaluation strategies, and practical implementation challenges in modern AI systems."
926,Feature Stores For Machine Learning Applications Study 1,MLOps,"This document discusses Feature stores for machine learning applications. It focuses on mlops and explains core methods, system design ideas, mathematical intuition, evaluation strategies, and practical implementation challenges in modern AI systems."
927,Feature Stores For Machine Learning Applications Study 2,MLOps,"This document discusses Feature stores for machine learning applications. It focuses on mlops and explains core methods, system design ideas, mathematical intuition, evaluation strategies, and practical implementation challenges in modern AI systems."
928,Feature Stores For Machine Learning Applications Study 3,MLOps,"This document discusses Feature stores for machine learning applications. It focuses on mlops and explains core methods, system design ideas, mathematical intuition, evaluation strategies, and practical implementation challenges in modern AI systems."
929,Feature Stores For Machine Learning Applications Study 4,MLOps,"This document discusses Feature stores for machine learning applications. It focuses on mlops and explains core methods, system design ideas, mathematical intuition, evaluation strategies, and practical implementation challenges in modern AI systems."
930,Feature Stores For Machine Learning Applications Study 5,MLOps,"This document discusses Feature stores for machine learning applications. It focuses on mlops and explains core methods, system design ideas, mathematical intuition, evaluation strategies, and practical implementation challenges in modern AI systems."
931,Feature Stores For Machine Learning Applications Study 6,MLOps,"This document discusses Feature stores for machine learning applications. It focuses on mlops and explains core methods, system design ideas, mathematical intuition, evaluation strategies, and practical implementation challenges in modern AI systems."
932,Feature Stores For Machine Learning Applications Study 7,MLOps,"This document discusses Feature stores for machine learning applications. It focuses on mlops and explains core methods, system design ideas, mathematical intuition, evaluation strategies, and practical implementation challenges in modern AI systems."
933,Feature Stores For Machine Learning Applications Study 8,MLOps,"This document discusses Feature stores for machine learning applications. It focuses on mlops and explains core methods, system design ideas, mathematical intuition, evaluation strategies, and practical implementation challenges in modern AI systems."
934,Feature Stores For Machine Learning Applications Study 9,MLOps,"This document discusses Feature stores for machine learning applications. It focuses on mlops and explains core methods, system design ideas, mathematical intuition, evaluation strategies, and practical implementation challenges in modern AI systems."
935,Feature Stores For Machine Learning Applications Study 10,MLOps,"This document discusses Feature stores for machine learning applications. It focuses on mlops and explains core methods, system design ideas, mathematical intuition, evaluation strategies, and practical implementation challenges in modern AI systems."
936,Feature Stores For Machine Learning Applications Study 11,MLOps,"This document discusses Feature stores for machine learning applications. It focuses on mlops and explains core methods, system design ideas, mathematical intuition, evaluation strategies, and practical implementation challenges in modern AI systems."
937,Feature Stores For Machine Learning Applications Study 12,MLOps,"This document discusses Feature stores for machine learning applications. It focuses on mlops and explains core methods, system design ideas, mathematical intuition, evaluation strategies, and practical implementation challenges in modern AI systems."
938,Feature Stores For Machine Learning Applications Study 13,MLOps,"This document discusses Feature stores for machine learning applications. It focuses on mlops and explains core methods, system design ideas, mathematical intuition, evaluation strategies, and practical implementation challenges in modern AI systems."
939,Feature Stores For Machine Learning Applications Study 14,MLOps,"This document discusses Feature stores for machine learning applications. It focuses on mlops and explains core methods, system design ideas, mathematical intuition, evaluation strategies, and practical implementation challenges in modern AI systems."
940,Feature Stores For Machine Learning Applications Study 15,MLOps,"This document discusses Feature stores for machine learning applications. It focuses on mlops and explains core methods, system design ideas, mathematical intuition, evaluation strategies, and practical implementation challenges in modern AI systems."
941,Feature Stores For Machine Learning Applications Study 16,MLOps,"This document discusses Feature stores for machine learning applications. It focuses on mlops and explains core methods, system design ideas, mathematical intuition, evaluation strategies, and practical implementation challenges in modern AI systems."
942,Feature Stores For Machine Learning Applications Study 17,MLOps,"This document discusses Feature stores for machine learning applications. It focuses on mlops and explains core methods, system design ideas, mathematical intuition, evaluation strategies, and practical implementation challenges in modern AI systems."
943,Feature Stores For Machine Learning Applications Study 18,MLOps,"This document discusses Feature stores for machine learning applications. It focuses on mlops and explains core methods, system design ideas, mathematical intuition, evaluation strategies, and practical implementation challenges in modern AI systems."
944,Feature Stores For Machine Learning Applications Study 19,MLOps,"This document discusses Feature stores for machine learning applications. It focuses on mlops and explains core methods, system design ideas, mathematical intuition, evaluation strategies, and practical implementation challenges in modern AI systems."
945,Feature Stores For Machine Learning Applications Study 20,MLOps,"This document discusses Feature stores for machine learning applications. It focuses on mlops and explains core methods, system design ideas, mathematical intuition, evaluation strategies, and practical implementation challenges in modern AI systems."
946,Feature Stores For Machine Learning Applications Study 21,MLOps,"This document discusses Feature stores for machine learning applications. It focuses on mlops and explains core methods, system design ideas, mathematical intuition, evaluation strategies, and practical implementation challenges in modern AI systems."
947,Feature Stores For Machine Learning Applications Study 22,MLOps,"This document discusses Feature stores for machine learning applications. It focuses on mlops and explains core methods, system design ideas, mathematical intuition, evaluation strategies, and practical implementation challenges in modern AI systems."
948,Feature Stores For Machine Learning Applications Study 23,MLOps,"This document discusses Feature stores for machine learning applications. It focuses on mlops and explains core methods, system design ideas, mathematical intuition, evaluation strategies, and practical implementation challenges in modern AI systems."
949,Feature Stores For Machine Learning Applications Study 24,MLOps,"This document discusses Feature stores for machine learning applications. It focuses on mlops and explains core methods, system design ideas, mathematical intuition, evaluation strategies, and practical implementation challenges in modern AI systems."
950,Feature Stores For Machine Learning Applications Study 25,MLOps,"This document discusses Feature stores for machine learning applications. It focuses on mlops and explains core methods, system design ideas, mathematical intuition, evaluation strategies, and practical implementation challenges in modern AI systems."
951,Continuous Integration For Ml Systems Study 1,MLOps,"This document discusses Continuous integration for ML systems. It focuses on mlops and explains core methods, system design ideas, mathematical intuition, evaluation strategies, and practical implementation challenges in modern AI systems."
952,Continuous Integration For Ml Systems Study 2,MLOps,"This document discusses Continuous integration for ML systems. It focuses on mlops and explains core methods, system design ideas, mathematical intuition, evaluation strategies, and practical implementation challenges in modern AI systems."
953,Continuous Integration For Ml Systems Study 3,MLOps,"This document discusses Continuous integration for ML systems. It focuses on mlops and explains core methods, system design ideas, mathematical intuition, evaluation strategies, and practical implementation challenges in modern AI systems."
954,Continuous Integration For Ml Systems Study 4,MLOps,"This document discusses Continuous integration for ML systems. It focuses on mlops and explains core methods, system design ideas, mathematical intuition, evaluation strategies, and practical implementation challenges in modern AI systems."
955,Continuous Integration For Ml Systems Study 5,MLOps,"This document discusses Continuous integration for ML systems. It focuses on mlops and explains core methods, system design ideas, mathematical intuition, evaluation strategies, and practical implementation challenges in modern AI systems."
956,Continuous Integration For Ml Systems Study 6,MLOps,"This document discusses Continuous integration for ML systems. It focuses on mlops and explains core methods, system design ideas, mathematical intuition, evaluation strategies, and practical implementation challenges in modern AI systems."
957,Continuous Integration For Ml Systems Study 7,MLOps,"This document discusses Continuous integration for ML systems. It focuses on mlops and explains core methods, system design ideas, mathematical intuition, evaluation strategies, and practical implementation challenges in modern AI systems."
958,Continuous Integration For Ml Systems Study 8,MLOps,"This document discusses Continuous integration for ML systems. It focuses on mlops and explains core methods, system design ideas, mathematical intuition, evaluation strategies, and practical implementation challenges in modern AI systems."
959,Continuous Integration For Ml Systems Study 9,MLOps,"This document discusses Continuous integration for ML systems. It focuses on mlops and explains core methods, system design ideas, mathematical intuition, evaluation strategies, and practical implementation challenges in modern AI systems."
960,Continuous Integration For Ml Systems Study 10,MLOps,"This document discusses Continuous integration for ML systems. It focuses on mlops and explains core methods, system design ideas, mathematical intuition, evaluation strategies, and practical implementation challenges in modern AI systems."
961,Continuous Integration For Ml Systems Study 11,MLOps,"This document discusses Continuous integration for ML systems. It focuses on mlops and explains core methods, system design ideas, mathematical intuition, evaluation strategies, and practical implementation challenges in modern AI systems."
962,Continuous Integration For Ml Systems Study 12,MLOps,"This document discusses Continuous integration for ML systems. It focuses on mlops and explains core methods, system design ideas, mathematical intuition, evaluation strategies, and practical implementation challenges in modern AI systems."
963,Continuous Integration For Ml Systems Study 13,MLOps,"This document discusses Continuous integration for ML systems. It focuses on mlops and explains core methods, system design ideas, mathematical intuition, evaluation strategies, and practical implementation challenges in modern AI systems."
964,Continuous Integration For Ml Systems Study 14,MLOps,"This document discusses Continuous integration for ML systems. It focuses on mlops and explains core methods, system design ideas, mathematical intuition, evaluation strategies, and practical implementation challenges in modern AI systems."
965,Continuous Integration For Ml Systems Study 15,MLOps,"This document discusses Continuous integration for ML systems. It focuses on mlops and explains core methods, system design ideas, mathematical intuition, evaluation strategies, and practical implementation challenges in modern AI systems."
966,Continuous Integration For Ml Systems Study 16,MLOps,"This document discusses Continuous integration for ML systems. It focuses on mlops and explains core methods, system design ideas, mathematical intuition, evaluation strategies, and practical implementation challenges in modern AI systems."
967,Continuous Integration For Ml Systems Study 17,MLOps,"This document discusses Continuous integration for ML systems. It focuses on mlops and explains core methods, system design ideas, mathematical intuition, evaluation strategies, and practical implementation challenges in modern AI systems."
968,Continuous Integration For Ml Systems Study 18,MLOps,"This document discusses Continuous integration for ML systems. It focuses on mlops and explains core methods, system design ideas, mathematical intuition, evaluation strategies, and practical implementation challenges in modern AI systems."
969,Continuous Integration For Ml Systems Study 19,MLOps,"This document discusses Continuous integration for ML systems. It focuses on mlops and explains core methods, system design ideas, mathematical intuition, evaluation strategies, and practical implementation challenges in modern AI systems."
970,Continuous Integration For Ml Systems Study 20,MLOps,"This document discusses Continuous integration for ML systems. It focuses on mlops and explains core methods, system design ideas, mathematical intuition, evaluation strategies, and practical implementation challenges in modern AI systems."
971,Continuous Integration For Ml Systems Study 21,MLOps,"This document discusses Continuous integration for ML systems. It focuses on mlops and explains core methods, system design ideas, mathematical intuition, evaluation strategies, and practical implementation challenges in modern AI systems."
972,Continuous Integration For Ml Systems Study 22,MLOps,"This document discusses Continuous integration for ML systems. It focuses on mlops and explains core methods, system design ideas, mathematical intuition, evaluation strategies, and practical implementation challenges in modern AI systems."
973,Continuous Integration For Ml Systems Study 23,MLOps,"This document discusses Continuous integration for ML systems. It focuses on mlops and explains core methods, system design ideas, mathematical intuition, evaluation strategies, and practical implementation challenges in modern AI systems."
974,Continuous Integration For Ml Systems Study 24,MLOps,"This document discusses Continuous integration for ML systems. It focuses on mlops and explains core methods, system design ideas, mathematical intuition, evaluation strategies, and practical implementation challenges in modern AI systems."
975,Continuous Integration For Ml Systems Study 25,MLOps,"This document discusses Continuous integration for ML systems. It focuses on mlops and explains core methods, system design ideas, mathematical intuition, evaluation strategies, and practical implementation challenges in modern AI systems."
976,Scalable Model Serving With Fastapi And Docker Study 1,MLOps,"This document discusses Scalable model serving with FastAPI and Docker. It focuses on mlops and explains core methods, system design ideas, mathematical intuition, evaluation strategies, and practical implementation challenges in modern AI systems."
977,Scalable Model Serving With Fastapi And Docker Study 2,MLOps,"This document discusses Scalable model serving with FastAPI and Docker. It focuses on mlops and explains core methods, system design ideas, mathematical intuition, evaluation strategies, and practical implementation challenges in modern AI systems."
978,Scalable Model Serving With Fastapi And Docker Study 3,MLOps,"This document discusses Scalable model serving with FastAPI and Docker. It focuses on mlops and explains core methods, system design ideas, mathematical intuition, evaluation strategies, and practical implementation challenges in modern AI systems."
979,Scalable Model Serving With Fastapi And Docker Study 4,MLOps,"This document discusses Scalable model serving with FastAPI and Docker. It focuses on mlops and explains core methods, system design ideas, mathematical intuition, evaluation strategies, and practical implementation challenges in modern AI systems."
980,Scalable Model Serving With Fastapi And Docker Study 5,MLOps,"This document discusses Scalable model serving with FastAPI and Docker. It focuses on mlops and explains core methods, system design ideas, mathematical intuition, evaluation strategies, and practical implementation challenges in modern AI systems."
981,Scalable Model Serving With Fastapi And Docker Study 6,MLOps,"This document discusses Scalable model serving with FastAPI and Docker. It focuses on mlops and explains core methods, system design ideas, mathematical intuition, evaluation strategies, and practical implementation challenges in modern AI systems."
982,Scalable Model Serving With Fastapi And Docker Study 7,MLOps,"This document discusses Scalable model serving with FastAPI and Docker. It focuses on mlops and explains core methods, system design ideas, mathematical intuition, evaluation strategies, and practical implementation challenges in modern AI systems."
983,Scalable Model Serving With Fastapi And Docker Study 8,MLOps,"This document discusses Scalable model serving with FastAPI and Docker. It focuses on mlops and explains core methods, system design ideas, mathematical intuition, evaluation strategies, and practical implementation challenges in modern AI systems."
984,Scalable Model Serving With Fastapi And Docker Study 9,MLOps,"This document discusses Scalable model serving with FastAPI and Docker. It focuses on mlops and explains core methods, system design ideas, mathematical intuition, evaluation strategies, and practical implementation challenges in modern AI systems."
985,Scalable Model Serving With Fastapi And Docker Study 10,MLOps,"This document discusses Scalable model serving with FastAPI and Docker. It focuses on mlops and explains core methods, system design ideas, mathematical intuition, evaluation strategies, and practical implementation challenges in modern AI systems."
986,Scalable Model Serving With Fastapi And Docker Study 11,MLOps,"This document discusses Scalable model serving with FastAPI and Docker. It focuses on mlops and explains core methods, system design ideas, mathematical intuition, evaluation strategies, and practical implementation challenges in modern AI systems."
987,Scalable Model Serving With Fastapi And Docker Study 12,MLOps,"This document discusses Scalable model serving with FastAPI and Docker. It focuses on mlops and explains core methods, system design ideas, mathematical intuition, evaluation strategies, and practical implementation challenges in modern AI systems."
988,Scalable Model Serving With Fastapi And Docker Study 13,MLOps,"This document discusses Scalable model serving with FastAPI and Docker. It focuses on mlops and explains core methods, system design ideas, mathematical intuition, evaluation strategies, and practical implementation challenges in modern AI systems."
989,Scalable Model Serving With Fastapi And Docker Study 14,MLOps,"This document discusses Scalable model serving with FastAPI and Docker. It focuses on mlops and explains core methods, system design ideas, mathematical intuition, evaluation strategies, and practical implementation challenges in modern AI systems."
990,Scalable Model Serving With Fastapi And Docker Study 15,MLOps,"This document discusses Scalable model serving with FastAPI and Docker. It focuses on mlops and explains core methods, system design ideas, mathematical intuition, evaluation strategies, and practical implementation challenges in modern AI systems."
991,Scalable Model Serving With Fastapi And Docker Study 16,MLOps,"This document discusses Scalable model serving with FastAPI and Docker. It focuses on mlops and explains core methods, system design ideas, mathematical intuition, evaluation strategies, and practical implementation challenges in modern AI systems."
992,Scalable Model Serving With Fastapi And Docker Study 17,MLOps,"This document discusses Scalable model serving with FastAPI and Docker. It focuses on mlops and explains core methods, system design ideas, mathematical intuition, evaluation strategies, and practical implementation challenges in modern AI systems."
993,Scalable Model Serving With Fastapi And Docker Study 18,MLOps,"This document discusses Scalable model serving with FastAPI and Docker. It focuses on mlops and explains core methods, system design ideas, mathematical intuition, evaluation strategies, and practical implementation challenges in modern AI systems."
994,Scalable Model Serving With Fastapi And Docker Study 19,MLOps,"This document discusses Scalable model serving with FastAPI and Docker. It focuses on mlops and explains core methods, system design ideas, mathematical intuition, evaluation strategies, and practical implementation challenges in modern AI systems."
995,Scalable Model Serving With Fastapi And Docker Study 20,MLOps,"This document discusses Scalable model serving with FastAPI and Docker. It focuses on mlops and explains core methods, system design ideas, mathematical intuition, evaluation strategies, and practical implementation challenges in modern AI systems."
996,Scalable Model Serving With Fastapi And Docker Study 21,MLOps,"This document discusses Scalable model serving with FastAPI and Docker. It focuses on mlops and explains core methods, system design ideas, mathematical intuition, evaluation strategies, and practical implementation challenges in modern AI systems."
997,Scalable Model Serving With Fastapi And Docker Study 22,MLOps,"This document discusses Scalable model serving with FastAPI and Docker. It focuses on mlops and explains core methods, system design ideas, mathematical intuition, evaluation strategies, and practical implementation challenges in modern AI systems."
998,Scalable Model Serving With Fastapi And Docker Study 23,MLOps,"This document discusses Scalable model serving with FastAPI and Docker. It focuses on mlops and explains core methods, system design ideas, mathematical intuition, evaluation strategies, and practical implementation challenges in modern AI systems."
999,Scalable Model Serving With Fastapi And Docker Study 24,MLOps,"This document discusses Scalable model serving with FastAPI and Docker. It focuses on mlops and explains core methods, system design ideas, mathematical intuition, evaluation strategies, and practical implementation challenges in modern AI systems."
1000,Scalable Model Serving With Fastapi And Docker Study 25,MLOps,"This document discusses Scalable model serving with FastAPI and Docker. It focuses on mlops and explains core methods, system design ideas, mathematical intuition, evaluation strategies, and practical implementation challenges in modern AI systems."
